outlet_id,town,lat,lon,geofence_m
NAI-000,Nairobi,-1.277037633874746,36.80877586433913,100
NAI-001,Nairobi,-1.3127177551627183,36.80335987644485,75
NAI-002,Nairobi,-1.284195691922077,36.85720645736664,150
NAI-003,Nairobi,-1.30076619555654,36.798385753005405,150
NAI-004,Nairobi,-1.2752933897551981,36.82016242746994,75
NAI-005,Nairobi,-1.3139140413412462,36.8161224453261,100
NAI-006,Nairobi,-1.3263264364185525,36.803271527168796,100
NAI-007,Nairobi,-1.3430366821940254,36.77831386780645,100
NAI-008,Nairobi,-1.2930527339322404,36.778976605556686,75
NAI-009,Nairobi,-1.277862069235349,36.82170253259873,75
NAI-010,Nairobi,-1.3615027913246154,36.800839213124604,100
NAI-011,Nairobi,-1.2874550283620323,36.8203992695801,75
NAI-012,Nairobi,-1.3003325982810179,36.7876444276583,100
NAI-013,Nairobi,-1.310265117182768,36.84882695870158,150
NAI-014,Nairobi,-1.2869756511483657,36.84353169602149,100
NAI-015,Nairobi,-1.3035080129822991,36.813648941512476,150
NAI-016,Nairobi,-1.2840865467723481,36.78024832520747,150
NAI-017,Nairobi,-1.2837157930886898,36.85776470265225,100
NAI-018,Nairobi,-1.260218519359352,36.8205806207709,75
NAI-019,Nairobi,-1.3052441118232168,36.87701249639027,100
NAI-020,Nairobi,-1.3219786670631568,36.81923548686314,100
NAI-021,Nairobi,-1.2686993124898944,36.81133653623948,100
NAI-022,Nairobi,-1.2879955196044826,36.83701742682503,150
NAI-023,Nairobi,-1.2428443222503154,36.79673013246983,100
NAI-024,Nairobi,-1.2998992272961525,36.820818052336776,100
NAI-025,Nairobi,-1.3216158358355041,36.79962095210492,75
NAI-026,Nairobi,-1.2590370838369878,36.85135666022362,100
NAI-027,Nairobi,-1.3257058337745278,36.793160729020386,75
NAI-028,Nairobi,-1.345772593525235,36.80310490405143,75
NAI-029,Nairobi,-1.2889186077701027,36.8547104493186,100
NAI-030,Nairobi,-1.2958164026066659,36.805942723177004,150
NAI-031,Nairobi,-1.2935058620155377,36.862705882013685,150
NAI-032,Nairobi,-1.295110411650942,36.827577672018556,150
NAI-033,Nairobi,-1.2896231133525937,36.81108147316103,100
NAI-034,Nairobi,-1.2863456440411565,36.80369256331077,100
NAI-035,Nairobi,-1.2510161667142934,36.836592655081034,150
NAI-036,Nairobi,-1.2659485693019796,36.806803913448604,150
NAI-037,Nairobi,-1.2544362092471917,36.816838013179854,75
NAI-038,Nairobi,-1.3247267973597046,36.827400401466356,75
NAI-039,Nairobi,-1.3366461235209963,36.755940131651805,75
NAI-040,Nairobi,-1.312997828227958,36.821921583871365,100
NAI-041,Nairobi,-1.2186573012054185,36.79204830455764,75
NAI-042,Nairobi,-1.2798378816180591,36.83179039874237,100
MOM-000,Mombasa,-4.049177909907597,39.68907388865362,100
MOM-001,Mombasa,-4.027402770888983,39.636989725037786,75
MOM-002,Mombasa,-4.041941394540156,39.63636546133853,75
MOM-003,Mombasa,-4.035204826979769,39.642261305684706,150
MOM-004,Mombasa,-4.037217622621848,39.67067919457307,150
MOM-005,Mombasa,-4.0607308505856885,39.66444170528367,75
MOM-006,Mombasa,-4.076942224115692,39.67888519397566,150
MOM-007,Mombasa,-4.1068570112546645,39.69339825564443,100
MOM-008,Mombasa,-4.020297844920072,39.642635089013616,100
MOM-009,Mombasa,-4.019630267469727,39.67192853622754,75
MOM-010,Mombasa,-4.005525537513247,39.71125121466568,150
MOM-011,Mombasa,-4.044974147180007,39.65978251183483,150
MOM-012,Mombasa,-4.072254569683363,39.700957602792705,150
MOM-013,Mombasa,-4.059286757951906,39.66646428761925,100
MOM-014,Mombasa,-4.061782192991606,39.62966824545047,100
MOM-015,Mombasa,-4.005287920588568,39.66337737280382,100
MOM-016,Mombasa,-4.042600262092602,39.64716789416891,150
MOM-017,Mombasa,-4.052800557800068,39.651193068484915,75
MOM-018,Mombasa,-3.9992848391925864,39.65674199480969,100
MOM-019,Mombasa,-4.0519976514782545,39.62664275947592,75
MOM-020,Mombasa,-3.993378273535987,39.64786300351245,75
MOM-021,Mombasa,-4.074622813628705,39.67811978997725,150
MOM-022,Mombasa,-4.086620729074436,39.66174434455246,100
MOM-023,Mombasa,-4.061961576618048,39.615169415770175,150
MOM-024,Mombasa,-4.043703317556646,39.670143255328775,100
MOM-025,Mombasa,-4.065569344173368,39.68164352488991,150
MOM-026,Mombasa,-4.047287096254903,39.63475217623456,100
MOM-027,Mombasa,-4.079483082806246,39.708065955659,150
MOM-028,Mombasa,-4.034249589309326,39.66698628695698,150
MOM-029,Mombasa,-4.056234356082865,39.65276117088988,75
MOM-030,Mombasa,-4.052056028136017,39.66345669055486,75
MOM-031,Mombasa,-4.042333353284166,39.70329524960756,150
MOM-032,Mombasa,-4.031521991968161,39.651092858199405,75
MOM-033,Mombasa,-4.084459061600194,39.69648589795206,75
MOM-034,Mombasa,-4.0472212519737,39.6842565152481,150
MOM-035,Mombasa,-4.019556708383438,39.69293553357995,100
MOM-036,Mombasa,-4.056668529519834,39.71344918947994,150
MOM-037,Mombasa,-4.080397791748571,39.693851692309806,100
MOM-038,Mombasa,-4.016791426594265,39.7243702492129,75
MOM-039,Mombasa,-3.9984666357986405,39.63364469278432,100
MOM-040,Mombasa,-4.018493328228386,39.63754962752372,100
MOM-041,Mombasa,-4.043372161659425,39.693191824310155,75
KIS-000,Kisumu,-0.15529941362928434,34.77577897061012,75
KIS-001,Kisumu,-0.09937409214145768,34.76915604291311,75
KIS-002,Kisumu,-0.11781546822101839,34.72259516778184,100
KIS-003,Kisumu,-0.12115126073148175,34.71869556032767,100
KIS-004,Kisumu,-0.07682956785820169,34.766158041147335,150
KIS-005,Kisumu,-0.12167884824277811,34.7482582362449,150
KIS-006,Kisumu,-0.12197129081660496,34.74140074398826,100
KIS-007,Kisumu,-0.11548923849004837,34.77868198866461,150
KIS-008,Kisumu,-0.08180732223745352,34.8287548296064,75
KIS-009,Kisumu,-0.06536292866494864,34.76531536114335,100
KIS-010,Kisumu,-0.09242089190392991,34.7245040853428,150
KIS-011,Kisumu,-0.06970408209668139,34.76552564883948,100
KIS-012,Kisumu,-0.08956836888766204,34.75927849958198,150
KIS-013,Kisumu,-0.09264417701130484,34.70198752982554,150
KIS-014,Kisumu,-0.11276217651423472,34.70893610178759,150
KIS-015,Kisumu,-0.11257417841135481,34.75209653950683,75
KIS-016,Kisumu,-0.051993204496918285,34.76941359718392,150
KIS-017,Kisumu,-0.12022099604607267,34.8019183969075,100
KIS-018,Kisumu,-0.08727120129804605,34.76943997724686,100
KIS-019,Kisumu,-0.09084799215333961,34.792162169408314,75
KIS-020,Kisumu,-0.07542298107931773,34.77447114100074,150
KIS-021,Kisumu,-0.07666673705270818,34.747472587660226,75
KIS-022,Kisumu,-0.05918462972298564,34.729868475348276,75
KIS-023,Kisumu,-0.09222074858873813,34.72826063348068,150
KIS-024,Kisumu,-0.04034085068430563,34.81181220301779,75
KIS-025,Kisumu,-0.0688483650330643,34.77936028209011,150
KIS-026,Kisumu,-0.17040678390035774,34.77551194048833,75
NAK-000,Nakuru,-0.3005034793957641,36.04769375240518,75
NAK-001,Nakuru,-0.3083477629014689,36.11564282651637,75
NAK-002,Nakuru,-0.29296718818826956,36.07983334909392,150
NAK-003,Nakuru,-0.3196574378929094,36.06831709085374,75
NAK-004,Nakuru,-0.3575026503401718,36.12707317538851,100
NAK-005,Nakuru,-0.2754945586646488,36.10006695339341,150
NAK-006,Nakuru,-0.29969554237009044,36.086464668175466,75
NAK-007,Nakuru,-0.30910801277168837,36.08162910835141,75
NAK-008,Nakuru,-0.2576451146530867,36.09667063705424,75
NAK-009,Nakuru,-0.3203817615133019,36.06095004537765,100
NAK-010,Nakuru,-0.2549188496648253,36.095200619126814,75
NAK-011,Nakuru,-0.31338545526458167,36.046728397648984,100
NAK-012,Nakuru,-0.30500584672409686,36.10620974103411,75
NAK-013,Nakuru,-0.3098172774900168,36.07336896945683,150
NAK-014,Nakuru,-0.2997121689600549,36.03220967363763,75
NAK-015,Nakuru,-0.32863186554462215,36.106537550976874,75
NAK-016,Nakuru,-0.3261179602969458,36.09731140241902,150
NAK-017,Nakuru,-0.31240788783844875,36.061952712436295,150
NAK-018,Nakuru,-0.2972570322262172,36.07993912917173,150
NAK-019,Nakuru,-0.2891724175285986,36.14046548160426,75
NAK-020,Nakuru,-0.31074335985797175,36.073913714118056,75
NAK-021,Nakuru,-0.29342734644940355,36.04259071325877,100
NAK-022,Nakuru,-0.3362079307305445,36.11839001815531,75
NAK-023,Nakuru,-0.2705592729200598,36.12573074011348,100
NAK-024,Nakuru,-0.2952202062756977,36.096601742085525,100
NAK-025,Nakuru,-0.3089018520619715,36.06220982609175,75
NAK-026,Nakuru,-0.3435969319434882,36.081251212410386,150
NAK-027,Nakuru,-0.27421213855797405,36.05173726275746,75
NAK-028,Nakuru,-0.3286612615149779,36.06487486311977,75
NAK-029,Nakuru,-0.3091593428131105,36.08643361836329,150
NAK-030,Nakuru,-0.2940978186586366,36.071036792399646,150
NAK-031,Nakuru,-0.29680222868351896,36.077480908894,100
ELD-000,Eldoret,0.5701262731998401,35.287759168543126,150
ELD-001,Eldoret,0.5156743163922566,35.219416441299146,100
ELD-002,Eldoret,0.4555996476469838,35.22772897741532,150
ELD-003,Eldoret,0.539639177574063,35.2911870518041,150
ELD-004,Eldoret,0.46269966681543356,35.258859544493276,100
ELD-005,Eldoret,0.49363785045351927,35.28910522238391,100
ELD-006,Eldoret,0.5205079146386397,35.24662066615904,100
ELD-007,Eldoret,0.4788834540909034,35.26831717157695,75
ELD-008,Eldoret,0.47945442521417586,35.27349065707077,150
ELD-009,Eldoret,0.4794725943606742,35.30336321815188,150
ELD-010,Eldoret,0.5465425379588926,35.25577848588175,150
ELD-011,Eldoret,0.5294356168995427,35.26603791484342,150
ELD-012,Eldoret,0.503825630285738,35.231008541808976,75
ELD-013,Eldoret,0.47068408912314635,35.29382944372628,100
ELD-014,Eldoret,0.5204927455338287,35.300051311653625,75
ELD-015,Eldoret,0.4620060251495178,35.246476097785525,100
ELD-016,Eldoret,0.5257628435999672,35.258687766487974,150
ELD-017,Eldoret,0.5448753769809355,35.276311848164895,150
ELD-018,Eldoret,0.48607708672028066,35.29416413181484,150
ELD-019,Eldoret,0.5279149436936819,35.21302816282981,150
ELD-020,Eldoret,0.5319408109328166,35.310300289630895,100
ELD-021,Eldoret,0.5024889735677475,35.26112881336003,75
ELD-022,Eldoret,0.5901078871039567,35.26473637323779,75
ELD-023,Eldoret,0.5616259957624584,35.25058122645839,100
ELD-024,Eldoret,0.4638594254028976,35.258513985537,100
ELD-025,Eldoret,0.5435126472520009,35.23244768553277,150
ELD-026,Eldoret,0.5241171344754539,35.23868147225048,100
ELD-027,Eldoret,0.49895208185722983,35.25622802969884,75
ELD-028,Eldoret,0.49791568102170725,35.24518136297587,100
ELD-029,Eldoret,0.5048623689245555,35.23919330784173,75
ELD-030,Eldoret,0.5125547055247792,35.29648622676664,75
ELD-031,Eldoret,0.4681188488464791,35.27010524454392,150
ELD-032,Eldoret,0.48468563688595934,35.295603129581444,150
ELD-033,Eldoret,0.49845490932728004,35.31494905049195,75
ELD-034,Eldoret,0.525595059808775,35.26318150980329,150
ELD-035,Eldoret,0.4913793457262091,35.287630251277335,75
ELD-036,Eldoret,0.5320963174214094,35.26858125478349,100
ELD-037,Eldoret,0.4814255123409569,35.26693792270434,150
ELD-038,Eldoret,0.5427538886164359,35.24281192977995,100
ELD-039,Eldoret,0.5128201044019809,35.2183436380931,75
ELD-040,Eldoret,0.4815555107607806,35.215809214367496,150
ELD-041,Eldoret,0.5122234949717579,35.30317054875989,75
ELD-042,Eldoret,0.4813589324383472,35.2477017532684,100
NYE-000,Nyeri,-0.40861716334996245,36.922778976648665,150
NYE-001,Nyeri,-0.4416454420938061,36.964499161960475,100
NYE-002,Nyeri,-0.40701659706657833,36.91785844484354,75
NYE-003,Nyeri,-0.4563641554264587,36.891936521324276,75
NYE-004,Nyeri,-0.4296077709639299,36.95431800103846,100
NYE-005,Nyeri,-0.420931485269424,36.95179885271022,75
NYE-006,Nyeri,-0.362753488823919,36.91583220227129,150
NYE-007,Nyeri,-0.4667238631829453,36.916641209945475,75
NYE-008,Nyeri,-0.3975911384255417,36.97161134628614,75
NYE-009,Nyeri,-0.4488394663545098,36.90528692670611,150
NYE-010,Nyeri,-0.3782662836637082,36.86241291746605,150
NYE-011,Nyeri,-0.4042011969295237,36.914727343176544,100
NYE-012,Nyeri,-0.45233771822630253,36.93843752518353,75
NYE-013,Nyeri,-0.46518837301918686,36.91768226448506,100
NYE-014,Nyeri,-0.3953826394232982,36.934949955435485,150
NYE-015,Nyeri,-0.4461051711061277,36.89018578590465,100
NYE-016,Nyeri,-0.42092709757758895,36.94447836926497,100
NYE-017,Nyeri,-0.4228137578392851,36.9133457111832,75
NYE-018,Nyeri,-0.42116020138605315,36.9857168611341,100
NYE-019,Nyeri,-0.36399799636942914,36.942890329192466,150
NYE-020,Nyeri,-0.42194946389285887,36.92877136174237,75
NYE-021,Nyeri,-0.4422730144723875,36.94524049544234,100
NYE-022,Nyeri,-0.4018167974653495,36.94388253352448,150
NYE-023,Nyeri,-0.4124997507942014,36.941511798920885,100
NYE-024,Nyeri,-0.4484387867924655,36.939881719870264,100
NYE-025,Nyeri,-0.43646281012283433,36.95401703999629,100
NYE-026,Nyeri,-0.46086920243768187,36.949013638982855,150
NYE-027,Nyeri,-0.4602858125142227,36.928505671234426,75
NYE-028,Nyeri,-0.4822581983373393,36.949745223435805,75
NYE-029,Nyeri,-0.41547049950856996,36.94225927419726,100
NYE-030,Nyeri,-0.4312081098032442,36.91770381594167,75
NYE-031,Nyeri,-0.4280910110918643,36.930421645894555,100
NYE-032,Nyeri,-0.4561240826863457,36.95406769727034,75
NYE-033,Nyeri,-0.4157034331956699,36.94275311503464,150
NYE-034,Nyeri,-0.4034298032258966,36.897061948796186,150
NYE-035,Nyeri,-0.40618639985564636,36.95429112398571,100
NYE-036,Nyeri,-0.4085006222270197,36.927390667802214,150
NYE-037,Nyeri,-0.42778380174904307,36.966111749936495,75
