outlet_id,sku,batch_no,received,expiry,qty_on_shelf
NAI-039,SKU-049,B450651,2026-08-11,2026-09-25,26
NAI-039,SKU-049,B873618,2026-08-08,2026-09-22,48
NAI-039,SKU-021,B817463,2026-08-17,2026-08-27,12
NAI-039,SKU-021,B957933,2026-08-05,2026-08-15,22
NAI-039,SKU-021,B988302,2026-07-18,2026-07-28,6
NAI-039,SKU-057,B319959,2026-07-30,2026-08-09,44
NAI-039,SKU-057,B776385,2026-07-24,2026-08-14,4
NAI-039,SKU-057,B496582,2026-08-13,2026-09-03,25
NAI-039,SKU-044,B251674,2026-08-02,2026-08-12,7
NAI-039,SKU-044,B653416,2026-07-29,2026-08-08,3
NAI-039,SKU-043,B607753,2026-08-16,2026-09-06,37
NAI-039,SKU-047,B974302,2026-08-02,2026-08-12,14
ELD-022,SKU-040,B452080,2026-07-14,2026-07-24,28
ELD-022,SKU-014,B220216,2026-07-23,2026-08-13,3
ELD-022,SKU-025,B830195,2026-07-31,2026-08-21,8
ELD-022,SKU-025,B860869,2026-07-15,2026-08-05,3
ELD-022,SKU-046,B214644,2026-08-11,2026-12-09,58
ELD-022,SKU-046,B682277,2026-08-03,2026-08-24,9
ELD-022,SKU-011,B102909,2026-07-20,2026-11-17,37
ELD-022,SKU-011,B796378,2026-08-03,2026-12-01,33
ELD-022,SKU-011,B592755,2026-07-15,2026-08-29,13
ELD-022,SKU-051,B737854,2026-07-12,2026-08-26,17
KIS-008,SKU-045,B395127,2026-07-25,2026-11-22,5
KIS-008,SKU-045,B115976,2026-07-24,2026-09-07,46
KIS-008,SKU-014,B948745,2026-08-17,2026-12-15,44
KIS-008,SKU-014,B612912,2026-08-17,2026-08-27,16
KIS-008,SKU-001,B417559,2026-08-10,2026-12-08,47
KIS-008,SKU-007,B866086,2026-07-20,2026-11-17,10
KIS-008,SKU-007,B544817,2026-08-14,2026-09-04,23
KIS-008,SKU-052,B277855,2026-07-19,2026-11-16,37
KIS-008,SKU-034,B126855,2026-08-14,2026-12-12,54
KIS-008,SKU-034,B182120,2026-08-14,2026-08-24,36
KIS-008,SKU-034,B220234,2026-07-19,2026-08-09,50
MOM-019,SKU-009,B637285,2026-08-05,2026-08-15,10
MOM-019,SKU-021,B985529,2026-07-31,2026-08-21,11
MOM-019,SKU-021,B612151,2026-07-30,2026-09-13,42
MOM-019,SKU-021,B302868,2026-07-21,2026-09-04,21
MOM-019,SKU-014,B368698,2026-07-29,2026-08-19,37
MOM-019,SKU-020,B736918,2026-07-23,2026-08-13,45
MOM-019,SKU-046,B391888,2026-07-13,2026-11-10,42
MOM-019,SKU-046,B943857,2026-07-15,2026-11-12,11
MOM-019,SKU-010,B517715,2026-08-09,2026-08-19,9
NYE-008,SKU-025,B878756,2026-07-12,2026-08-26,55
NYE-008,SKU-025,B201887,2026-07-24,2026-08-14,1
NYE-008,SKU-022,B151326,2026-08-04,2026-08-25,58
NYE-008,SKU-022,B554956,2026-08-09,2026-08-19,1
NYE-008,SKU-022,B660797,2026-08-11,2026-09-25,56
NYE-008,SKU-049,B334892,2026-08-04,2026-08-14,13
NYE-008,SKU-049,B839496,2026-08-06,2026-09-20,55
NYE-008,SKU-015,B423070,2026-07-13,2026-08-27,33
NYE-008,SKU-014,B326772,2026-08-04,2026-08-14,56
NYE-008,SKU-014,B703247,2026-07-17,2026-11-14,1
NYE-008,SKU-014,B322370,2026-08-10,2026-08-31,9
NYE-008,SKU-004,B926460,2026-08-06,2026-08-27,31
NYE-008,SKU-004,B824548,2026-07-17,2026-11-14,23
NAK-007,SKU-019,B206568,2026-07-25,2026-08-15,54
NAK-007,SKU-059,B689346,2026-07-27,2026-08-06,7
NAK-007,SKU-012,B915805,2026-07-18,2026-11-15,0
NAK-007,SKU-012,B204396,2026-08-14,2026-09-04,42
NAK-007,SKU-012,B591477,2026-07-17,2026-08-07,5
NAK-007,SKU-043,B487660,2026-08-18,2026-12-16,28
NAK-007,SKU-043,B444340,2026-08-10,2026-09-24,20
NAK-007,SKU-043,B639451,2026-08-20,2026-09-10,49
NAK-007,SKU-021,B877142,2026-07-16,2026-11-13,36
NAK-007,SKU-021,B987019,2026-07-22,2026-11-19,6
NAK-007,SKU-021,B165464,2026-07-30,2026-08-09,44
NAK-007,SKU-058,B322859,2026-08-07,2026-08-17,51
NAK-007,SKU-058,B168357,2026-08-18,2026-09-08,50
NAI-038,SKU-048,B941518,2026-07-25,2026-09-08,31
NAI-038,SKU-048,B613703,2026-07-14,2026-08-04,18
NAI-038,SKU-048,B564084,2026-08-07,2026-08-28,19
NAI-038,SKU-036,B102865,2026-07-18,2026-07-28,47
NAI-038,SKU-036,B938281,2026-07-27,2026-09-10,3
NAI-038,SKU-059,B426067,2026-08-10,2026-09-24,27
NAI-038,SKU-059,B927614,2026-08-11,2026-12-09,59
NAI-038,SKU-002,B158860,2026-07-26,2026-08-16,3
NAI-038,SKU-014,B319534,2026-08-20,2026-10-04,12
NAI-038,SKU-014,B862530,2026-07-30,2026-11-27,32
NAI-038,SKU-050,B785846,2026-08-15,2026-09-05,41
NAI-038,SKU-050,B411536,2026-07-19,2026-07-29,35
ELD-040,SKU-001,B312694,2026-08-06,2026-08-27,41
ELD-040,SKU-001,B724114,2026-08-11,2026-09-01,0
ELD-040,SKU-001,B700990,2026-08-09,2026-08-19,21
ELD-040,SKU-023,B699699,2026-08-13,2026-09-03,23
ELD-040,SKU-026,B521948,2026-08-19,2026-08-29,27
ELD-040,SKU-007,B273105,2026-07-28,2026-09-11,0
ELD-040,SKU-007,B514583,2026-07-30,2026-08-20,17
ELD-040,SKU-007,B377408,2026-08-13,2026-09-03,50
ELD-040,SKU-004,B902589,2026-08-06,2026-08-27,9
ELD-040,SKU-013,B838767,2026-07-14,2026-08-28,52
ELD-040,SKU-013,B650733,2026-08-19,2026-10-03,35
ELD-040,SKU-013,B628276,2026-08-18,2026-12-16,58
ELD-016,SKU-020,B468403,2026-07-26,2026-08-16,38
ELD-016,SKU-020,B770823,2026-08-13,2026-09-03,13
ELD-016,SKU-020,B999457,2026-08-13,2026-09-03,56
ELD-016,SKU-022,B678632,2026-07-17,2026-07-27,13
ELD-016,SKU-022,B749935,2026-08-07,2026-08-17,34
ELD-016,SKU-022,B569403,2026-08-03,2026-12-01,48
ELD-016,SKU-034,B980981,2026-07-13,2026-07-23,40
ELD-016,SKU-019,B742643,2026-07-28,2026-11-25,4
ELD-016,SKU-019,B308845,2026-07-21,2026-07-31,24
ELD-016,SKU-019,B649422,2026-08-01,2026-11-29,6
ELD-016,SKU-058,B588690,2026-07-13,2026-08-03,33
ELD-016,SKU-058,B601297,2026-07-29,2026-11-26,7
ELD-016,SKU-058,B263136,2026-08-02,2026-09-16,5
ELD-016,SKU-025,B983595,2026-07-19,2026-07-29,38
ELD-016,SKU-025,B315711,2026-07-13,2026-11-10,57
KIS-004,SKU-044,B745615,2026-08-13,2026-09-27,53
KIS-004,SKU-007,B947158,2026-08-09,2026-08-19,45
KIS-004,SKU-007,B948076,2026-08-05,2026-08-26,42
KIS-004,SKU-039,B292635,2026-07-18,2026-07-28,18
KIS-004,SKU-042,B633486,2026-07-24,2026-11-21,45
KIS-004,SKU-042,B553003,2026-08-06,2026-09-20,3
KIS-004,SKU-042,B339252,2026-07-16,2026-08-06,38
KIS-004,SKU-036,B734040,2026-07-24,2026-08-14,27
KIS-004,SKU-001,B390976,2026-08-09,2026-09-23,31
KIS-004,SKU-001,B807690,2026-08-10,2026-08-31,4
KIS-004,SKU-001,B322498,2026-07-28,2026-09-11,38
NAI-004,SKU-044,B994654,2026-07-27,2026-08-17,51
NAI-004,SKU-044,B879662,2026-07-24,2026-08-03,21
NAI-004,SKU-030,B756462,2026-07-29,2026-08-19,12
NAI-004,SKU-030,B304644,2026-08-09,2026-09-23,4
NAI-004,SKU-030,B704877,2026-08-10,2026-08-31,46
NAI-004,SKU-036,B514921,2026-07-29,2026-08-08,45
NAI-004,SKU-036,B955580,2026-08-09,2026-08-19,50
NAI-004,SKU-048,B252734,2026-08-16,2026-08-26,56
NAI-004,SKU-048,B760395,2026-08-20,2026-08-30,1
NAI-004,SKU-033,B411952,2026-08-13,2026-08-23,0
NAI-004,SKU-033,B940467,2026-08-12,2026-09-02,57
NAI-004,SKU-015,B371971,2026-07-16,2026-11-13,41
NAI-004,SKU-015,B472477,2026-08-06,2026-12-04,39
NAI-004,SKU-015,B796869,2026-08-06,2026-08-27,18
NAK-012,SKU-030,B565167,2026-07-14,2026-07-24,20
NAK-012,SKU-030,B538787,2026-07-29,2026-09-12,16
NAK-012,SKU-030,B391481,2026-07-27,2026-09-10,18
NAK-012,SKU-023,B138411,2026-07-27,2026-08-06,21
NAK-012,SKU-023,B288048,2026-07-28,2026-08-07,17
NAK-012,SKU-023,B909550,2026-07-28,2026-08-18,9
NAK-012,SKU-042,B341208,2026-08-14,2026-09-04,46
NAK-012,SKU-040,B148875,2026-08-01,2026-11-29,37
NAK-012,SKU-047,B914571,2026-07-17,2026-07-27,5
NAK-012,SKU-047,B476920,2026-08-08,2026-12-06,54
NAK-012,SKU-047,B435289,2026-08-07,2026-08-17,58
NAK-012,SKU-057,B368081,2026-08-07,2026-08-17,0
NYE-004,SKU-052,B447543,2026-07-31,2026-09-14,13
NYE-004,SKU-052,B134564,2026-08-11,2026-09-01,3
NYE-004,SKU-021,B614761,2026-07-22,2026-11-19,21
NYE-004,SKU-021,B950789,2026-07-23,2026-08-13,31
NYE-004,SKU-020,B241435,2026-08-14,2026-09-28,51
NYE-004,SKU-020,B643125,2026-07-14,2026-08-28,21
NYE-004,SKU-020,B555025,2026-08-15,2026-08-25,50
NYE-004,SKU-055,B741835,2026-07-22,2026-11-19,57
NYE-004,SKU-025,B871327,2026-07-15,2026-07-25,13
NYE-004,SKU-025,B270696,2026-07-31,2026-09-14,53
NYE-004,SKU-025,B620043,2026-08-12,2026-09-26,59
NYE-004,SKU-009,B633468,2026-07-18,2026-11-15,17
KIS-010,SKU-054,B691017,2026-07-30,2026-11-27,27
KIS-010,SKU-032,B405237,2026-08-02,2026-08-23,2
KIS-010,SKU-032,B927177,2026-08-09,2026-08-30,23
KIS-010,SKU-032,B403567,2026-08-20,2026-12-18,29
KIS-010,SKU-059,B624742,2026-07-14,2026-07-24,55
KIS-010,SKU-034,B446188,2026-07-16,2026-08-30,26
KIS-010,SKU-019,B699692,2026-08-13,2026-09-03,46
KIS-010,SKU-027,B626531,2026-08-15,2026-09-05,25
KIS-013,SKU-053,B788516,2026-07-19,2026-11-16,5
KIS-013,SKU-053,B658963,2026-07-30,2026-09-13,35
KIS-013,SKU-053,B994644,2026-07-26,2026-08-05,55
KIS-013,SKU-023,B281401,2026-07-15,2026-11-12,25
KIS-013,SKU-023,B824534,2026-07-14,2026-08-28,49
KIS-013,SKU-016,B860862,2026-08-20,2026-08-30,9
KIS-013,SKU-016,B135265,2026-08-03,2026-08-13,16
KIS-013,SKU-016,B349935,2026-08-13,2026-08-23,3
KIS-013,SKU-012,B481879,2026-08-04,2026-09-18,45
KIS-013,SKU-012,B499503,2026-08-07,2026-09-21,7
KIS-013,SKU-020,B935638,2026-08-20,2026-12-18,0
KIS-013,SKU-020,B627656,2026-07-12,2026-08-02,17
KIS-013,SKU-020,B703150,2026-08-13,2026-09-03,18
KIS-013,SKU-049,B615652,2026-08-13,2026-09-27,6
KIS-013,SKU-049,B239308,2026-08-03,2026-08-13,43
KIS-021,SKU-055,B924782,2026-07-17,2026-08-31,47
KIS-021,SKU-055,B525331,2026-08-04,2026-09-18,27
KIS-021,SKU-055,B267397,2026-08-03,2026-08-24,23
KIS-021,SKU-049,B987292,2026-08-01,2026-08-11,52
KIS-021,SKU-013,B635832,2026-08-18,2026-09-08,11
KIS-021,SKU-013,B732954,2026-07-15,2026-08-29,35
KIS-021,SKU-013,B379431,2026-08-07,2026-08-28,13
KIS-021,SKU-035,B934717,2026-08-16,2026-08-26,21
KIS-021,SKU-035,B643346,2026-07-18,2026-11-15,9
KIS-021,SKU-035,B703508,2026-07-29,2026-08-08,1
KIS-021,SKU-023,B955946,2026-07-14,2026-11-11,57
KIS-021,SKU-023,B499867,2026-07-16,2026-11-13,2
KIS-021,SKU-023,B408730,2026-07-31,2026-09-14,27
KIS-021,SKU-015,B971744,2026-07-24,2026-09-07,29
KIS-021,SKU-015,B677528,2026-07-14,2026-08-04,17
NAI-031,SKU-040,B648674,2026-07-19,2026-08-09,15
NAI-031,SKU-040,B444458,2026-08-20,2026-10-04,19
NAI-031,SKU-060,B167793,2026-08-14,2026-09-04,6
NAI-031,SKU-060,B380227,2026-07-24,2026-08-03,3
NAI-031,SKU-060,B100530,2026-08-07,2026-08-28,13
NAI-031,SKU-017,B725200,2026-07-13,2026-07-23,45
NAI-031,SKU-001,B629839,2026-08-10,2026-09-24,9
NAI-031,SKU-001,B449538,2026-07-31,2026-08-21,24
NAI-031,SKU-001,B751556,2026-08-07,2026-08-28,46
NAI-031,SKU-054,B335967,2026-07-23,2026-08-02,58
NAI-031,SKU-054,B782526,2026-08-18,2026-12-16,8
NAI-031,SKU-025,B680823,2026-08-16,2026-09-06,30
NAI-031,SKU-025,B616997,2026-07-22,2026-08-01,2
NAI-031,SKU-025,B726973,2026-07-31,2026-11-28,50
KIS-020,SKU-056,B905532,2026-07-15,2026-11-12,28
KIS-020,SKU-056,B193765,2026-08-01,2026-09-15,26
KIS-020,SKU-056,B447235,2026-07-14,2026-07-24,38
KIS-020,SKU-058,B828186,2026-08-05,2026-08-15,15
KIS-020,SKU-045,B794300,2026-07-23,2026-11-20,35
KIS-020,SKU-045,B269356,2026-07-21,2026-09-04,23
KIS-020,SKU-011,B563955,2026-08-09,2026-12-07,47
KIS-020,SKU-011,B671400,2026-08-15,2026-12-13,27
KIS-020,SKU-012,B691337,2026-07-30,2026-08-20,23
KIS-020,SKU-012,B532817,2026-07-27,2026-11-24,50
KIS-020,SKU-035,B800073,2026-07-26,2026-08-05,54
MOM-024,SKU-029,B801472,2026-07-25,2026-11-22,7
MOM-024,SKU-029,B146151,2026-08-05,2026-08-15,42
MOM-024,SKU-037,B631144,2026-07-12,2026-08-26,58
MOM-024,SKU-054,B256667,2026-07-14,2026-08-28,10
MOM-024,SKU-054,B114888,2026-07-18,2026-07-28,4
MOM-024,SKU-009,B829346,2026-08-17,2026-09-07,28
MOM-024,SKU-009,B569114,2026-07-30,2026-11-27,57
MOM-024,SKU-024,B388682,2026-07-21,2026-07-31,13
MOM-024,SKU-024,B356171,2026-07-28,2026-09-11,47
MOM-024,SKU-024,B713091,2026-07-28,2026-11-25,3
MOM-024,SKU-033,B336284,2026-07-23,2026-09-06,51
MOM-024,SKU-033,B903186,2026-08-19,2026-10-03,5
MOM-024,SKU-033,B872533,2026-07-25,2026-09-08,32
NYE-027,SKU-057,B592220,2026-07-18,2026-09-01,18
NYE-027,SKU-023,B278140,2026-07-13,2026-07-23,28
NYE-027,SKU-023,B950304,2026-08-19,2026-10-03,29
NYE-027,SKU-023,B790911,2026-08-11,2026-12-09,27
NYE-027,SKU-034,B830446,2026-08-18,2026-10-02,26
NYE-027,SKU-034,B415318,2026-08-09,2026-09-23,29
NYE-027,SKU-034,B131172,2026-08-20,2026-09-10,59
NYE-027,SKU-046,B127294,2026-07-28,2026-11-25,26
NYE-027,SKU-003,B385270,2026-07-14,2026-11-11,44
NYE-027,SKU-033,B643806,2026-07-28,2026-09-11,46
NYE-027,SKU-033,B675804,2026-07-17,2026-08-31,14
NYE-027,SKU-033,B278500,2026-07-22,2026-09-05,52
KIS-025,SKU-010,B352594,2026-08-14,2026-09-04,18
KIS-025,SKU-010,B362749,2026-07-26,2026-09-09,49
KIS-025,SKU-043,B498975,2026-08-03,2026-08-13,28
KIS-025,SKU-022,B477252,2026-07-23,2026-08-13,54
KIS-025,SKU-022,B745928,2026-07-15,2026-11-12,49
KIS-025,SKU-056,B609741,2026-07-24,2026-08-14,38
KIS-025,SKU-053,B653186,2026-08-12,2026-12-10,0
KIS-025,SKU-053,B978410,2026-08-13,2026-09-27,12
KIS-025,SKU-055,B542456,2026-07-29,2026-08-19,39
KIS-025,SKU-055,B358010,2026-08-15,2026-12-13,24
KIS-025,SKU-055,B497490,2026-07-19,2026-07-29,40
NAI-034,SKU-007,B287348,2026-07-27,2026-11-24,24
NAI-034,SKU-025,B832606,2026-07-29,2026-11-26,18
NAI-034,SKU-025,B391309,2026-07-22,2026-11-19,25
NAI-034,SKU-025,B791054,2026-08-13,2026-09-27,24
NAI-034,SKU-004,B336174,2026-07-29,2026-08-08,29
NAI-034,SKU-004,B390202,2026-07-26,2026-08-16,18
NAI-034,SKU-050,B351058,2026-07-15,2026-07-25,47
NAI-034,SKU-044,B455469,2026-07-31,2026-09-14,32
NAI-034,SKU-044,B903543,2026-08-11,2026-09-25,16
NAI-034,SKU-036,B704119,2026-07-20,2026-09-03,42
ELD-018,SKU-030,B549960,2026-08-04,2026-09-18,39
ELD-018,SKU-030,B315307,2026-07-28,2026-08-18,37
ELD-018,SKU-040,B969338,2026-07-22,2026-11-19,53
ELD-018,SKU-040,B686324,2026-08-13,2026-09-03,37
ELD-018,SKU-009,B708195,2026-07-19,2026-09-02,0
ELD-018,SKU-009,B369482,2026-08-09,2026-08-19,40
ELD-018,SKU-009,B359901,2026-07-28,2026-08-07,35
ELD-018,SKU-012,B384248,2026-08-02,2026-09-16,30
ELD-018,SKU-012,B366159,2026-08-04,2026-09-18,52
ELD-018,SKU-012,B456936,2026-07-22,2026-08-01,48
ELD-018,SKU-010,B715380,2026-08-12,2026-09-26,10
ELD-018,SKU-010,B127242,2026-08-11,2026-12-09,27
ELD-018,SKU-039,B431723,2026-08-02,2026-11-30,41
ELD-024,SKU-046,B583017,2026-07-14,2026-11-11,28
ELD-024,SKU-016,B678423,2026-08-17,2026-12-15,13
ELD-024,SKU-016,B909449,2026-08-11,2026-12-09,1
ELD-024,SKU-037,B635623,2026-08-12,2026-08-22,29
ELD-024,SKU-037,B618520,2026-07-17,2026-08-31,22
ELD-024,SKU-037,B907609,2026-08-12,2026-09-26,30
ELD-024,SKU-054,B889227,2026-08-03,2026-12-01,7
ELD-024,SKU-054,B970481,2026-08-05,2026-08-26,19
ELD-024,SKU-028,B280138,2026-08-13,2026-09-27,33
ELD-024,SKU-028,B878671,2026-07-13,2026-08-27,2
ELD-024,SKU-028,B885769,2026-08-01,2026-08-11,10
ELD-024,SKU-036,B691740,2026-08-14,2026-09-28,32
MOM-001,SKU-023,B203768,2026-07-30,2026-11-27,24
MOM-001,SKU-023,B460633,2026-07-20,2026-08-10,0
MOM-001,SKU-023,B211259,2026-08-01,2026-11-29,53
MOM-001,SKU-025,B543742,2026-08-15,2026-12-13,13
MOM-001,SKU-025,B598846,2026-07-30,2026-08-20,26
MOM-001,SKU-025,B594581,2026-08-14,2026-09-04,25
MOM-001,SKU-009,B443555,2026-08-03,2026-08-24,2
MOM-001,SKU-009,B749553,2026-07-19,2026-08-09,9
MOM-001,SKU-009,B943764,2026-07-31,2026-08-21,14
MOM-001,SKU-056,B410066,2026-08-17,2026-10-01,6
MOM-001,SKU-056,B320317,2026-08-18,2026-09-08,16
MOM-001,SKU-056,B386782,2026-08-04,2026-08-25,13
MOM-001,SKU-032,B318863,2026-07-19,2026-08-09,2
MOM-001,SKU-032,B444706,2026-07-19,2026-09-02,2
MOM-001,SKU-032,B294676,2026-08-11,2026-12-09,45
MOM-001,SKU-019,B926696,2026-07-20,2026-11-17,51
MOM-001,SKU-019,B779953,2026-07-25,2026-08-04,27
MOM-001,SKU-019,B785105,2026-07-16,2026-07-26,12
ELD-019,SKU-035,B536736,2026-08-16,2026-09-06,42
ELD-019,SKU-047,B460172,2026-07-21,2026-09-04,38
ELD-019,SKU-047,B569086,2026-07-31,2026-09-14,21
ELD-019,SKU-047,B754030,2026-08-02,2026-11-30,57
ELD-019,SKU-036,B949099,2026-07-14,2026-08-04,46
ELD-019,SKU-036,B694523,2026-07-23,2026-08-13,2
ELD-019,SKU-019,B469440,2026-07-16,2026-08-06,0
ELD-019,SKU-019,B860657,2026-08-11,2026-09-01,22
ELD-019,SKU-043,B443819,2026-07-29,2026-08-08,11
ELD-019,SKU-010,B471163,2026-08-13,2026-12-11,25
NYE-001,SKU-001,B677592,2026-07-15,2026-11-12,16
NYE-001,SKU-006,B202267,2026-08-20,2026-10-04,39
NYE-001,SKU-026,B954104,2026-08-06,2026-08-27,14
NYE-001,SKU-021,B771574,2026-08-03,2026-09-17,37
NYE-001,SKU-030,B493274,2026-07-16,2026-08-06,53
NYE-001,SKU-030,B609285,2026-08-04,2026-12-02,59
NYE-001,SKU-005,B182714,2026-08-07,2026-09-21,1
NYE-001,SKU-005,B885687,2026-07-27,2026-08-17,29
NYE-001,SKU-005,B889657,2026-07-17,2026-08-07,13
NYE-031,SKU-035,B373282,2026-07-16,2026-08-30,57
NYE-031,SKU-035,B387050,2026-08-18,2026-12-16,36
NYE-031,SKU-032,B387713,2026-07-28,2026-08-18,11
NYE-031,SKU-032,B947333,2026-08-01,2026-09-15,7
NYE-031,SKU-043,B609783,2026-07-23,2026-09-06,55
NYE-031,SKU-043,B474951,2026-07-26,2026-08-05,18
NYE-031,SKU-043,B142391,2026-07-15,2026-11-12,28
NYE-031,SKU-036,B878501,2026-08-03,2026-09-17,47
NYE-031,SKU-036,B758857,2026-08-20,2026-08-30,52
NYE-031,SKU-036,B104776,2026-07-24,2026-11-21,43
NYE-031,SKU-041,B413451,2026-08-15,2026-09-29,25
NYE-031,SKU-041,B477648,2026-08-14,2026-12-12,29
NYE-031,SKU-041,B959830,2026-08-17,2026-09-07,29
NYE-031,SKU-027,B267997,2026-08-05,2026-12-03,21
NYE-031,SKU-027,B384607,2026-07-15,2026-08-29,41
NAI-018,SKU-027,B272533,2026-07-21,2026-08-11,11
NAI-018,SKU-027,B840435,2026-08-05,2026-08-26,39
NAI-018,SKU-027,B945061,2026-08-06,2026-12-04,10
NAI-018,SKU-049,B821440,2026-07-13,2026-08-27,1
NAI-018,SKU-049,B657646,2026-08-04,2026-09-18,5
NAI-018,SKU-049,B880038,2026-08-05,2026-08-26,54
NAI-018,SKU-023,B455104,2026-07-25,2026-08-15,23
NAI-018,SKU-023,B165409,2026-07-27,2026-08-17,17
NAI-018,SKU-031,B570664,2026-08-07,2026-12-05,17
NAI-018,SKU-031,B674848,2026-07-15,2026-08-05,48
NAI-018,SKU-031,B295731,2026-07-22,2026-08-12,38
NAI-018,SKU-001,B900365,2026-07-28,2026-08-07,29
NAI-018,SKU-012,B114802,2026-08-18,2026-09-08,46
NAI-018,SKU-012,B979460,2026-07-23,2026-11-20,5
NAI-018,SKU-012,B790594,2026-08-14,2026-12-12,29
ELD-008,SKU-023,B201456,2026-07-24,2026-09-07,44
ELD-008,SKU-023,B381978,2026-07-20,2026-08-10,1
ELD-008,SKU-026,B499750,2026-07-19,2026-08-09,46
ELD-008,SKU-026,B431013,2026-08-16,2026-12-14,54
ELD-008,SKU-009,B455479,2026-07-24,2026-08-14,41
ELD-008,SKU-009,B231570,2026-08-11,2026-09-25,8
ELD-008,SKU-009,B457620,2026-08-16,2026-12-14,23
ELD-008,SKU-029,B445027,2026-08-05,2026-08-26,33
ELD-008,SKU-029,B164949,2026-08-15,2026-08-25,27
ELD-008,SKU-014,B434525,2026-08-08,2026-09-22,34
ELD-008,SKU-014,B221524,2026-07-13,2026-08-27,59
ELD-008,SKU-042,B469016,2026-08-02,2026-08-23,38
ELD-008,SKU-042,B171157,2026-07-28,2026-11-25,36
ELD-008,SKU-042,B865155,2026-08-02,2026-08-12,7
NYE-033,SKU-009,B217932,2026-07-16,2026-08-06,18
NYE-033,SKU-009,B577789,2026-08-10,2026-09-24,51
NYE-033,SKU-054,B371659,2026-08-10,2026-08-31,5
NYE-033,SKU-054,B656825,2026-07-20,2026-08-10,2
NYE-033,SKU-054,B889884,2026-07-30,2026-08-09,38
NYE-033,SKU-004,B897458,2026-08-11,2026-09-01,1
NYE-033,SKU-046,B927710,2026-08-02,2026-08-23,43
NYE-033,SKU-046,B546182,2026-08-19,2026-08-29,54
NYE-033,SKU-046,B641548,2026-08-09,2026-12-07,17
NYE-033,SKU-056,B153302,2026-07-25,2026-11-22,37
NYE-033,SKU-056,B250142,2026-08-01,2026-11-29,35
NYE-033,SKU-053,B972583,2026-08-18,2026-12-16,59
NYE-033,SKU-053,B136948,2026-07-25,2026-09-08,34
NYE-033,SKU-053,B650511,2026-08-20,2026-09-10,11
ELD-037,SKU-048,B167765,2026-07-16,2026-07-26,39
ELD-037,SKU-035,B310204,2026-08-10,2026-09-24,40
ELD-037,SKU-035,B461129,2026-07-15,2026-11-12,47
ELD-037,SKU-008,B840611,2026-08-18,2026-12-16,16
ELD-037,SKU-008,B589029,2026-07-28,2026-09-11,31
ELD-037,SKU-008,B326209,2026-07-13,2026-08-27,55
ELD-037,SKU-003,B952104,2026-07-31,2026-11-28,32
ELD-037,SKU-028,B744387,2026-07-12,2026-07-22,3
ELD-037,SKU-037,B701456,2026-07-31,2026-11-28,8
ELD-037,SKU-037,B288234,2026-07-23,2026-08-02,42
ELD-037,SKU-037,B944900,2026-08-08,2026-08-29,40
KIS-022,SKU-023,B679709,2026-07-17,2026-08-31,29
KIS-022,SKU-040,B873056,2026-08-01,2026-09-15,35
KIS-022,SKU-040,B243728,2026-07-14,2026-11-11,53
KIS-022,SKU-040,B617952,2026-07-21,2026-08-11,20
KIS-022,SKU-060,B765330,2026-08-03,2026-09-17,46
KIS-022,SKU-005,B912711,2026-07-17,2026-07-27,56
KIS-022,SKU-005,B900915,2026-08-11,2026-08-21,23
KIS-022,SKU-011,B226469,2026-08-17,2026-08-27,22
KIS-022,SKU-011,B677353,2026-07-20,2026-08-10,54
KIS-022,SKU-011,B143035,2026-08-17,2026-08-27,46
KIS-022,SKU-033,B905191,2026-08-15,2026-09-05,32
NAI-019,SKU-039,B274932,2026-08-10,2026-09-24,42
NAI-019,SKU-039,B277292,2026-07-14,2026-07-24,36
NAI-019,SKU-039,B979168,2026-08-02,2026-08-12,42
NAI-019,SKU-007,B708758,2026-07-15,2026-08-05,35
NAI-019,SKU-010,B424986,2026-07-23,2026-11-20,39
NAI-019,SKU-010,B799002,2026-07-20,2026-08-10,19
NAI-019,SKU-052,B486299,2026-08-05,2026-08-15,44
NAI-019,SKU-052,B500357,2026-07-31,2026-09-14,43
NAI-019,SKU-054,B793246,2026-07-13,2026-08-03,37
NAI-019,SKU-058,B994142,2026-07-23,2026-09-06,39
NAI-019,SKU-058,B496575,2026-07-22,2026-08-12,40
MOM-041,SKU-021,B969677,2026-07-24,2026-08-03,31
MOM-041,SKU-032,B829679,2026-07-13,2026-11-10,44
MOM-041,SKU-032,B556872,2026-07-16,2026-08-30,3
MOM-041,SKU-047,B384660,2026-08-15,2026-08-25,19
MOM-041,SKU-047,B288222,2026-07-26,2026-08-16,57
MOM-041,SKU-029,B978666,2026-08-08,2026-08-29,49
MOM-041,SKU-029,B375540,2026-07-16,2026-08-06,17
MOM-041,SKU-029,B732913,2026-07-29,2026-09-12,24
MOM-041,SKU-040,B446052,2026-08-01,2026-11-29,37
MOM-041,SKU-040,B766618,2026-07-30,2026-11-27,11
MOM-041,SKU-019,B415906,2026-07-30,2026-09-13,14
MOM-041,SKU-019,B242536,2026-08-07,2026-12-05,3
KIS-006,SKU-029,B299563,2026-08-04,2026-12-02,17
KIS-006,SKU-041,B180800,2026-07-22,2026-08-01,21
KIS-006,SKU-012,B690820,2026-07-31,2026-09-14,40
KIS-006,SKU-012,B681406,2026-07-20,2026-11-17,37
KIS-006,SKU-042,B421664,2026-08-20,2026-09-10,48
KIS-006,SKU-037,B285656,2026-08-06,2026-08-27,23
KIS-006,SKU-037,B277781,2026-08-02,2026-08-12,23
KIS-006,SKU-037,B174622,2026-07-18,2026-09-01,41
KIS-006,SKU-043,B519279,2026-07-26,2026-11-23,32
KIS-006,SKU-043,B915386,2026-07-16,2026-08-30,16
KIS-006,SKU-043,B933862,2026-08-15,2026-09-05,34
NAI-033,SKU-044,B767879,2026-07-14,2026-08-28,18
NAI-033,SKU-044,B351362,2026-08-06,2026-12-04,38
NAI-033,SKU-056,B419820,2026-08-15,2026-12-13,52
NAI-033,SKU-056,B179108,2026-07-26,2026-09-09,47
NAI-033,SKU-056,B471348,2026-07-22,2026-09-05,11
NAI-033,SKU-013,B133650,2026-07-15,2026-08-05,36
NAI-033,SKU-031,B938993,2026-07-13,2026-07-23,39
NAI-033,SKU-031,B289942,2026-08-06,2026-09-20,9
NAI-033,SKU-011,B882517,2026-07-22,2026-08-12,31
NAI-033,SKU-011,B797518,2026-07-27,2026-08-17,46
NAI-033,SKU-021,B386621,2026-07-28,2026-08-18,19
MOM-008,SKU-007,B761249,2026-07-23,2026-09-06,0
MOM-008,SKU-044,B713169,2026-07-26,2026-09-09,35
MOM-008,SKU-024,B105743,2026-08-16,2026-09-06,14
MOM-008,SKU-039,B934778,2026-08-14,2026-08-24,55
MOM-008,SKU-043,B199735,2026-07-20,2026-09-03,8
MOM-008,SKU-056,B200313,2026-08-17,2026-08-27,18
NAI-035,SKU-048,B496408,2026-08-03,2026-08-24,36
NAI-035,SKU-048,B472994,2026-07-19,2026-08-09,52
NAI-035,SKU-019,B731374,2026-08-06,2026-08-27,27
NAI-035,SKU-019,B816900,2026-07-31,2026-11-28,55
NAI-035,SKU-019,B304966,2026-08-06,2026-12-04,2
NAI-035,SKU-058,B394198,2026-08-15,2026-08-25,56
NAI-035,SKU-058,B702781,2026-07-30,2026-08-20,30
NAI-035,SKU-058,B120448,2026-07-29,2026-11-26,6
NAI-035,SKU-025,B444046,2026-08-17,2026-10-01,40
NAI-035,SKU-025,B469480,2026-07-19,2026-09-02,21
NAI-035,SKU-041,B119315,2026-08-04,2026-12-02,52
NAI-035,SKU-003,B173351,2026-08-11,2026-12-09,53
NAI-035,SKU-003,B257872,2026-08-08,2026-12-06,27
NAI-011,SKU-009,B575581,2026-08-17,2026-12-15,42
NAI-011,SKU-009,B420387,2026-08-11,2026-09-25,20
NAI-011,SKU-009,B203547,2026-07-13,2026-07-23,7
NAI-011,SKU-038,B585348,2026-07-29,2026-09-12,13
NAI-011,SKU-038,B725329,2026-08-10,2026-09-24,25
NAI-011,SKU-007,B646676,2026-08-13,2026-12-11,40
NAI-011,SKU-007,B359406,2026-07-30,2026-11-27,19
NAI-011,SKU-004,B995759,2026-07-27,2026-11-24,26
NAI-011,SKU-004,B464881,2026-08-04,2026-08-25,43
NAI-011,SKU-004,B293362,2026-08-07,2026-09-21,3
NAI-011,SKU-046,B782181,2026-08-09,2026-08-19,50
NAI-011,SKU-046,B898891,2026-08-01,2026-08-22,16
NAI-011,SKU-011,B253068,2026-08-12,2026-09-26,48
NAI-011,SKU-011,B524091,2026-07-21,2026-08-11,37
NAI-029,SKU-026,B836127,2026-07-31,2026-08-21,4
NAI-029,SKU-039,B414109,2026-07-27,2026-11-24,30
NAI-029,SKU-039,B537460,2026-07-18,2026-07-28,20
NAI-029,SKU-002,B516008,2026-07-15,2026-11-12,24
NAI-029,SKU-029,B641628,2026-08-13,2026-12-11,37
NAI-029,SKU-029,B621135,2026-07-26,2026-09-09,8
NAI-029,SKU-029,B644035,2026-08-09,2026-12-07,47
NAI-029,SKU-041,B396578,2026-07-27,2026-08-17,54
NAI-029,SKU-041,B240115,2026-07-13,2026-08-03,56
NAI-029,SKU-041,B967145,2026-07-22,2026-11-19,3
NAI-029,SKU-010,B768841,2026-08-11,2026-09-01,19
NAI-000,SKU-032,B420523,2026-07-30,2026-08-20,7
NAI-000,SKU-032,B178130,2026-08-20,2026-08-30,38
NAI-000,SKU-032,B453691,2026-08-06,2026-12-04,3
NAI-000,SKU-047,B579041,2026-08-17,2026-09-07,1
NAI-000,SKU-047,B400050,2026-07-18,2026-09-01,12
NAI-000,SKU-024,B286503,2026-07-21,2026-08-11,44
NAI-000,SKU-024,B221931,2026-07-19,2026-11-16,38
NAI-000,SKU-008,B244222,2026-07-15,2026-08-29,49
NAI-000,SKU-005,B870790,2026-08-17,2026-12-15,8
NAI-000,SKU-005,B835784,2026-08-08,2026-12-06,13
NAI-000,SKU-026,B231457,2026-08-07,2026-08-17,34
NAI-000,SKU-026,B464109,2026-07-16,2026-07-26,33
NYE-015,SKU-027,B994517,2026-08-01,2026-09-15,25
NYE-015,SKU-027,B772247,2026-07-25,2026-08-15,25
NYE-015,SKU-004,B428758,2026-08-08,2026-09-22,34
NYE-015,SKU-004,B431912,2026-07-25,2026-09-08,35
NYE-015,SKU-060,B605958,2026-07-29,2026-11-26,10
NYE-015,SKU-060,B363320,2026-07-22,2026-08-01,53
NYE-015,SKU-060,B924139,2026-08-15,2026-09-29,38
NYE-015,SKU-054,B856703,2026-07-12,2026-07-22,54
NYE-015,SKU-054,B453162,2026-07-16,2026-11-13,12
NYE-015,SKU-024,B144682,2026-08-19,2026-09-09,50
NYE-015,SKU-017,B536920,2026-08-20,2026-10-04,31
NYE-015,SKU-017,B321009,2026-08-07,2026-08-28,42
KIS-014,SKU-025,B384474,2026-07-19,2026-09-02,33
KIS-014,SKU-025,B805223,2026-08-19,2026-10-03,26
KIS-014,SKU-025,B957566,2026-08-04,2026-08-25,40
KIS-014,SKU-008,B892302,2026-08-05,2026-08-15,12
KIS-014,SKU-008,B428343,2026-07-20,2026-07-30,58
KIS-014,SKU-041,B138200,2026-07-24,2026-08-03,10
KIS-014,SKU-041,B990198,2026-08-04,2026-08-14,31
KIS-014,SKU-043,B130134,2026-07-20,2026-09-03,24
KIS-014,SKU-037,B984520,2026-07-25,2026-09-08,34
KIS-014,SKU-006,B981098,2026-08-08,2026-08-29,18
KIS-014,SKU-006,B414863,2026-08-15,2026-12-13,46
KIS-014,SKU-006,B353250,2026-08-12,2026-08-22,50
NAK-026,SKU-051,B642348,2026-07-28,2026-09-11,25
NAK-026,SKU-009,B325588,2026-08-17,2026-08-27,13
NAK-026,SKU-058,B205134,2026-08-16,2026-12-14,40
NAK-026,SKU-058,B178564,2026-07-27,2026-09-10,19
NAK-026,SKU-012,B330711,2026-07-30,2026-08-20,58
NAK-026,SKU-012,B507370,2026-07-26,2026-09-09,34
NAK-026,SKU-026,B722353,2026-08-10,2026-08-20,53
NAK-026,SKU-026,B432907,2026-07-18,2026-09-01,39
NAK-026,SKU-031,B716424,2026-07-15,2026-08-05,17
KIS-000,SKU-015,B637284,2026-07-29,2026-08-19,50
KIS-000,SKU-015,B879545,2026-07-29,2026-11-26,36
KIS-000,SKU-015,B148019,2026-07-30,2026-09-13,30
KIS-000,SKU-027,B109739,2026-08-09,2026-08-30,25
KIS-000,SKU-027,B242943,2026-08-20,2026-12-18,42
KIS-000,SKU-027,B820330,2026-07-29,2026-08-19,41
KIS-000,SKU-013,B222371,2026-08-09,2026-12-07,35
KIS-000,SKU-013,B710356,2026-07-30,2026-08-20,28
KIS-000,SKU-013,B635917,2026-07-30,2026-11-27,0
KIS-000,SKU-050,B867025,2026-08-10,2026-08-31,31
KIS-000,SKU-002,B705910,2026-07-14,2026-08-28,2
KIS-000,SKU-002,B999671,2026-08-18,2026-12-16,23
KIS-000,SKU-002,B796334,2026-07-16,2026-08-06,48
KIS-000,SKU-023,B887154,2026-08-17,2026-10-01,13
KIS-000,SKU-023,B494428,2026-07-17,2026-07-27,16
NAI-028,SKU-038,B398373,2026-08-04,2026-09-18,42
NAI-028,SKU-055,B634681,2026-07-18,2026-08-08,38
NAI-028,SKU-055,B765005,2026-08-14,2026-09-04,30
NAI-028,SKU-048,B813416,2026-08-18,2026-08-28,46
NAI-028,SKU-048,B773286,2026-07-19,2026-11-16,35
NAI-028,SKU-044,B408552,2026-07-21,2026-08-11,3
NAI-028,SKU-044,B111877,2026-07-22,2026-08-12,25
NAI-028,SKU-027,B500673,2026-07-14,2026-11-11,8
NAI-028,SKU-027,B629081,2026-08-14,2026-12-12,46
NAI-028,SKU-016,B523017,2026-07-20,2026-07-30,59
NAI-028,SKU-016,B768834,2026-07-12,2026-07-22,34
NAI-016,SKU-032,B292992,2026-07-16,2026-08-06,51
NAI-016,SKU-032,B453843,2026-08-06,2026-08-16,55
NAI-016,SKU-035,B180264,2026-07-31,2026-11-28,54
NAI-016,SKU-011,B289294,2026-07-30,2026-08-20,51
NAI-016,SKU-011,B440817,2026-08-17,2026-12-15,56
NAI-016,SKU-011,B292436,2026-08-03,2026-08-24,21
NAI-016,SKU-013,B468136,2026-08-06,2026-12-04,0
NAI-016,SKU-034,B659484,2026-07-27,2026-11-24,48
NAI-016,SKU-034,B866577,2026-08-04,2026-08-14,17
NAI-016,SKU-034,B344990,2026-08-02,2026-08-12,40
NAI-016,SKU-012,B603381,2026-07-13,2026-08-27,33
NAK-002,SKU-028,B578955,2026-07-31,2026-11-28,52
NAK-002,SKU-028,B389930,2026-07-16,2026-08-30,16
NAK-002,SKU-027,B916920,2026-08-06,2026-08-27,2
NAK-002,SKU-027,B599802,2026-07-24,2026-08-14,21
NAK-002,SKU-054,B952894,2026-08-06,2026-09-20,50
NAK-002,SKU-046,B597782,2026-08-02,2026-11-30,52
NAK-002,SKU-017,B309351,2026-07-17,2026-08-07,58
NAK-002,SKU-017,B870117,2026-08-12,2026-09-26,1
NAK-002,SKU-017,B523497,2026-08-09,2026-09-23,39
NAK-002,SKU-040,B794422,2026-07-25,2026-08-04,56
NAK-010,SKU-015,B820788,2026-07-22,2026-08-12,20
NAK-010,SKU-015,B486487,2026-07-20,2026-11-17,44
NAK-010,SKU-060,B143072,2026-07-18,2026-07-28,32
NAK-010,SKU-060,B614831,2026-07-30,2026-09-13,1
NAK-010,SKU-054,B768297,2026-08-13,2026-08-23,11
NAK-010,SKU-006,B595036,2026-07-21,2026-11-18,42
NAK-010,SKU-006,B192777,2026-07-24,2026-11-21,50
NAK-010,SKU-020,B639306,2026-08-15,2026-09-29,20
NAK-010,SKU-020,B433198,2026-08-01,2026-09-15,29
NAK-010,SKU-014,B388561,2026-07-23,2026-11-20,24
MOM-030,SKU-020,B905526,2026-08-20,2026-08-30,3
MOM-030,SKU-020,B245918,2026-07-31,2026-11-28,48
MOM-030,SKU-054,B824759,2026-07-30,2026-08-20,4
MOM-030,SKU-054,B204475,2026-07-17,2026-07-27,29
MOM-030,SKU-052,B418566,2026-08-19,2026-12-17,24
MOM-030,SKU-052,B574803,2026-07-28,2026-11-25,43
MOM-030,SKU-035,B751203,2026-08-15,2026-12-13,58
MOM-030,SKU-035,B215653,2026-07-18,2026-08-08,0
MOM-030,SKU-035,B425834,2026-08-01,2026-08-22,42
MOM-030,SKU-045,B890945,2026-07-21,2026-09-04,48
MOM-030,SKU-045,B981752,2026-07-27,2026-09-10,15
MOM-030,SKU-045,B211612,2026-07-20,2026-11-17,16
MOM-030,SKU-046,B864689,2026-07-23,2026-08-13,10
MOM-015,SKU-046,B491062,2026-08-19,2026-12-17,9
MOM-015,SKU-052,B913913,2026-08-04,2026-08-25,22
MOM-015,SKU-015,B803675,2026-08-14,2026-08-24,29
MOM-015,SKU-029,B654944,2026-07-21,2026-11-18,2
MOM-015,SKU-029,B284174,2026-07-16,2026-11-13,51
MOM-015,SKU-025,B609632,2026-07-13,2026-08-27,8
MOM-015,SKU-025,B914392,2026-07-19,2026-09-02,24
MOM-015,SKU-030,B701491,2026-07-25,2026-08-04,59
NAK-008,SKU-057,B919017,2026-08-18,2026-08-28,42
NAK-008,SKU-059,B748133,2026-07-28,2026-09-11,17
NAK-008,SKU-040,B865668,2026-07-26,2026-11-23,23
NAK-008,SKU-040,B829085,2026-08-12,2026-12-10,20
NAK-008,SKU-040,B785562,2026-07-28,2026-09-11,48
NAK-008,SKU-020,B498842,2026-08-16,2026-09-30,51
NAK-008,SKU-020,B779005,2026-08-19,2026-10-03,0
NAK-008,SKU-026,B449176,2026-08-04,2026-09-18,22
NAK-008,SKU-026,B157262,2026-08-05,2026-08-15,25
NAK-008,SKU-005,B610729,2026-08-09,2026-09-23,39
NAK-008,SKU-005,B894822,2026-08-15,2026-12-13,57
MOM-004,SKU-022,B711250,2026-08-12,2026-08-22,34
MOM-004,SKU-017,B516098,2026-08-17,2026-10-01,6
MOM-004,SKU-017,B907528,2026-08-16,2026-08-26,15
MOM-004,SKU-017,B655887,2026-07-21,2026-11-18,21
MOM-004,SKU-051,B683618,2026-08-20,2026-08-30,34
MOM-004,SKU-051,B954205,2026-08-02,2026-11-30,0
MOM-004,SKU-052,B519843,2026-07-27,2026-08-17,31
MOM-004,SKU-021,B981843,2026-07-25,2026-09-08,51
MOM-004,SKU-021,B489772,2026-07-17,2026-08-31,11
MOM-004,SKU-035,B649993,2026-08-04,2026-12-02,51
MOM-004,SKU-035,B436204,2026-08-17,2026-10-01,36
MOM-004,SKU-035,B101531,2026-08-07,2026-08-28,15
MOM-035,SKU-032,B382759,2026-08-03,2026-09-17,7
MOM-035,SKU-032,B947008,2026-07-30,2026-08-09,37
MOM-035,SKU-012,B482402,2026-07-26,2026-08-05,52
MOM-035,SKU-012,B544108,2026-08-02,2026-11-30,32
MOM-035,SKU-045,B500070,2026-07-22,2026-08-12,50
MOM-035,SKU-045,B418952,2026-07-17,2026-11-14,4
MOM-035,SKU-045,B521234,2026-08-06,2026-09-20,17
MOM-035,SKU-007,B415913,2026-07-20,2026-11-17,55
MOM-035,SKU-007,B527013,2026-08-19,2026-12-17,33
MOM-035,SKU-007,B463535,2026-07-16,2026-07-26,3
MOM-035,SKU-042,B759478,2026-08-17,2026-10-01,46
MOM-035,SKU-042,B311078,2026-07-21,2026-09-04,24
MOM-035,SKU-042,B634369,2026-08-20,2026-12-18,0
MOM-035,SKU-003,B977498,2026-08-07,2026-09-21,49
MOM-035,SKU-003,B940170,2026-07-16,2026-08-30,10
MOM-035,SKU-003,B277735,2026-08-16,2026-12-14,16
ELD-035,SKU-051,B396115,2026-07-19,2026-11-16,28
ELD-035,SKU-051,B420681,2026-07-23,2026-11-20,25
ELD-035,SKU-051,B202389,2026-07-29,2026-09-12,2
ELD-035,SKU-023,B906509,2026-08-12,2026-08-22,58
ELD-035,SKU-023,B392912,2026-07-25,2026-08-04,50
ELD-035,SKU-023,B686813,2026-08-20,2026-08-30,52
ELD-035,SKU-028,B666588,2026-08-02,2026-08-23,6
ELD-035,SKU-021,B876181,2026-08-04,2026-08-14,58
ELD-035,SKU-021,B716647,2026-08-17,2026-12-15,12
ELD-035,SKU-021,B125860,2026-08-09,2026-08-30,43
ELD-035,SKU-048,B917321,2026-07-18,2026-07-28,41
ELD-035,SKU-048,B583347,2026-08-02,2026-08-12,46
ELD-035,SKU-042,B912181,2026-08-12,2026-12-10,58
NAI-027,SKU-006,B247061,2026-07-23,2026-08-13,33
NAI-027,SKU-006,B534551,2026-08-03,2026-08-13,45
NAI-027,SKU-028,B265195,2026-07-16,2026-11-13,37
NAI-027,SKU-005,B803913,2026-07-27,2026-09-10,28
NAI-027,SKU-003,B145329,2026-08-12,2026-08-22,42
NAI-027,SKU-003,B828287,2026-07-31,2026-09-14,16
NAI-027,SKU-042,B646595,2026-07-18,2026-08-08,51
NAI-027,SKU-042,B312238,2026-07-22,2026-11-19,50
NAI-027,SKU-042,B189875,2026-07-24,2026-08-14,54
NAI-027,SKU-026,B261763,2026-07-17,2026-08-07,14
NAI-027,SKU-026,B841853,2026-07-29,2026-09-12,16
NYE-035,SKU-030,B823509,2026-08-02,2026-11-30,51
NYE-035,SKU-002,B260394,2026-08-20,2026-12-18,28
NYE-035,SKU-002,B479313,2026-07-26,2026-08-05,37
NYE-035,SKU-002,B549733,2026-07-17,2026-08-31,23
NYE-035,SKU-039,B286668,2026-07-28,2026-09-11,7
NYE-035,SKU-025,B168822,2026-07-25,2026-08-04,47
NYE-035,SKU-025,B430593,2026-08-18,2026-12-16,56
NYE-035,SKU-019,B908760,2026-08-04,2026-08-25,55
NYE-035,SKU-031,B910007,2026-08-15,2026-09-05,18
NAI-040,SKU-056,B448056,2026-08-20,2026-08-30,40
NAI-040,SKU-007,B494765,2026-08-14,2026-09-28,20
NAI-040,SKU-007,B742454,2026-08-05,2026-08-26,29
NAI-040,SKU-041,B788037,2026-07-17,2026-07-27,16
NAI-040,SKU-041,B342744,2026-08-06,2026-12-04,18
NAI-040,SKU-041,B616291,2026-07-26,2026-08-16,28
NAI-040,SKU-058,B670595,2026-08-05,2026-12-03,26
NAI-040,SKU-058,B687034,2026-07-28,2026-08-07,58
NAI-040,SKU-058,B222989,2026-07-18,2026-09-01,13
NAI-040,SKU-057,B854712,2026-07-31,2026-08-21,27
NAI-040,SKU-038,B731946,2026-07-24,2026-11-21,57
NAI-040,SKU-038,B146227,2026-07-20,2026-09-03,33
NAK-018,SKU-053,B692488,2026-07-26,2026-11-23,55
NAK-018,SKU-053,B207131,2026-07-28,2026-11-25,47
NAK-018,SKU-053,B826326,2026-08-05,2026-09-19,23
NAK-018,SKU-031,B840137,2026-07-25,2026-08-04,0
NAK-018,SKU-022,B385584,2026-07-15,2026-08-05,41
NAK-018,SKU-022,B646063,2026-08-16,2026-09-30,3
NAK-018,SKU-060,B382365,2026-08-20,2026-09-10,1
NAK-018,SKU-030,B559680,2026-07-22,2026-09-05,57
NAK-018,SKU-020,B991298,2026-07-17,2026-08-31,44
NAK-018,SKU-020,B892845,2026-08-08,2026-08-18,46
NAK-018,SKU-020,B708303,2026-07-16,2026-11-13,24
MOM-026,SKU-017,B770179,2026-08-12,2026-08-22,44
MOM-026,SKU-017,B988979,2026-08-02,2026-08-23,54
MOM-026,SKU-017,B850948,2026-07-20,2026-09-03,54
MOM-026,SKU-054,B521073,2026-08-19,2026-08-29,43
MOM-026,SKU-054,B798553,2026-08-20,2026-09-10,57
MOM-026,SKU-054,B438887,2026-08-11,2026-09-01,51
MOM-026,SKU-020,B543115,2026-07-22,2026-11-19,23
MOM-026,SKU-020,B187590,2026-07-31,2026-08-21,36
MOM-026,SKU-036,B706082,2026-08-09,2026-12-07,48
MOM-026,SKU-036,B550950,2026-08-20,2026-09-10,19
MOM-026,SKU-044,B275271,2026-08-01,2026-08-22,46
MOM-026,SKU-044,B528687,2026-08-20,2026-08-30,51
MOM-026,SKU-044,B511923,2026-07-24,2026-08-14,10
MOM-026,SKU-005,B535233,2026-07-26,2026-09-09,55
MOM-026,SKU-005,B286349,2026-07-23,2026-08-02,25
NYE-037,SKU-052,B546688,2026-07-27,2026-09-10,55
NYE-037,SKU-052,B563751,2026-07-22,2026-08-12,1
NYE-037,SKU-052,B248363,2026-07-31,2026-11-28,13
NYE-037,SKU-031,B309342,2026-07-26,2026-08-16,22
NYE-037,SKU-031,B871112,2026-08-01,2026-08-22,34
NYE-037,SKU-040,B271016,2026-08-09,2026-08-19,52
NYE-037,SKU-040,B269915,2026-07-15,2026-07-25,2
NYE-037,SKU-024,B493503,2026-07-18,2026-07-28,26
NYE-037,SKU-024,B874775,2026-08-06,2026-08-16,38
NYE-037,SKU-024,B314599,2026-07-28,2026-08-18,39
NYE-037,SKU-027,B658602,2026-07-14,2026-11-11,34
NYE-037,SKU-027,B260552,2026-08-15,2026-12-13,37
NYE-037,SKU-027,B918342,2026-08-06,2026-08-16,39
NYE-037,SKU-008,B964749,2026-07-18,2026-11-15,25
ELD-011,SKU-002,B771778,2026-07-13,2026-11-10,15
ELD-011,SKU-019,B271881,2026-07-16,2026-11-13,16
ELD-011,SKU-030,B824447,2026-08-01,2026-09-15,29
ELD-011,SKU-030,B291288,2026-07-27,2026-09-10,6
ELD-011,SKU-030,B259845,2026-08-07,2026-12-05,10
ELD-011,SKU-026,B879007,2026-07-29,2026-08-08,54
ELD-011,SKU-026,B207086,2026-08-16,2026-09-30,18
ELD-011,SKU-039,B307164,2026-08-16,2026-08-26,31
ELD-011,SKU-039,B193736,2026-08-18,2026-09-08,37
ELD-011,SKU-039,B959356,2026-07-26,2026-08-05,8
ELD-011,SKU-050,B864959,2026-07-19,2026-08-09,43
NYE-020,SKU-053,B848362,2026-07-23,2026-11-20,52
NYE-020,SKU-053,B398840,2026-08-16,2026-08-26,4
NYE-020,SKU-019,B833672,2026-07-17,2026-08-07,17
NYE-020,SKU-019,B798855,2026-07-29,2026-11-26,31
NYE-020,SKU-048,B744935,2026-08-08,2026-08-18,20
NYE-020,SKU-048,B139564,2026-07-22,2026-08-12,33
NYE-020,SKU-059,B295642,2026-07-23,2026-08-13,7
NYE-020,SKU-059,B309890,2026-08-13,2026-12-11,12
NYE-020,SKU-017,B721168,2026-08-08,2026-09-22,8
NYE-020,SKU-021,B786151,2026-07-27,2026-08-06,34
NYE-020,SKU-021,B621506,2026-08-04,2026-12-02,3
NYE-020,SKU-021,B284650,2026-08-05,2026-08-15,19
ELD-027,SKU-024,B738547,2026-07-14,2026-08-04,37
ELD-027,SKU-053,B133515,2026-08-12,2026-09-26,23
ELD-027,SKU-053,B352696,2026-08-15,2026-09-29,41
ELD-027,SKU-053,B226910,2026-08-06,2026-12-04,45
ELD-027,SKU-005,B925816,2026-07-27,2026-08-06,29
ELD-027,SKU-005,B806153,2026-08-20,2026-09-10,25
ELD-027,SKU-011,B118635,2026-07-24,2026-11-21,16
ELD-027,SKU-057,B838059,2026-08-19,2026-10-03,10
ELD-027,SKU-057,B241932,2026-08-07,2026-08-28,42
ELD-027,SKU-057,B966257,2026-07-17,2026-08-07,36
ELD-027,SKU-028,B129088,2026-08-20,2026-10-04,24
ELD-027,SKU-028,B589414,2026-08-13,2026-08-23,0
ELD-014,SKU-005,B998642,2026-07-15,2026-08-05,59
ELD-014,SKU-013,B382025,2026-07-22,2026-08-12,38
ELD-014,SKU-013,B250291,2026-07-21,2026-11-18,54
ELD-014,SKU-010,B741449,2026-08-03,2026-12-01,7
ELD-014,SKU-059,B799144,2026-08-14,2026-09-28,12
ELD-014,SKU-002,B215411,2026-07-30,2026-09-13,0
ELD-014,SKU-002,B341611,2026-07-14,2026-08-04,39
ELD-014,SKU-002,B873291,2026-07-21,2026-08-11,40
ELD-014,SKU-031,B943609,2026-07-16,2026-07-26,28
KIS-017,SKU-028,B711914,2026-08-04,2026-08-25,47
KIS-017,SKU-028,B345581,2026-07-24,2026-08-03,48
KIS-017,SKU-051,B691457,2026-08-11,2026-09-25,49
KIS-017,SKU-051,B432804,2026-07-27,2026-09-10,8
KIS-017,SKU-002,B609286,2026-07-17,2026-07-27,18
KIS-017,SKU-002,B376282,2026-07-19,2026-07-29,0
KIS-017,SKU-002,B946460,2026-08-20,2026-09-10,55
KIS-017,SKU-004,B281047,2026-08-07,2026-08-28,19
KIS-017,SKU-022,B914221,2026-08-11,2026-12-09,48
KIS-017,SKU-023,B645506,2026-08-03,2026-09-17,48
KIS-017,SKU-023,B518192,2026-08-16,2026-08-26,9
KIS-017,SKU-023,B101659,2026-07-20,2026-11-17,31
KIS-003,SKU-036,B318275,2026-07-21,2026-11-18,47
KIS-003,SKU-036,B667384,2026-08-10,2026-08-20,45
KIS-003,SKU-051,B411700,2026-08-14,2026-09-28,58
KIS-003,SKU-051,B442121,2026-07-14,2026-08-04,13
KIS-003,SKU-051,B809267,2026-07-31,2026-11-28,53
KIS-003,SKU-014,B249898,2026-08-08,2026-12-06,23
KIS-003,SKU-014,B890749,2026-07-30,2026-08-09,49
KIS-003,SKU-041,B603883,2026-07-22,2026-09-05,3
KIS-003,SKU-041,B948456,2026-08-07,2026-08-28,22
KIS-003,SKU-041,B973904,2026-07-31,2026-11-28,22
KIS-003,SKU-039,B631697,2026-08-13,2026-08-23,27
KIS-003,SKU-039,B165717,2026-08-03,2026-12-01,37
KIS-003,SKU-011,B402870,2026-07-15,2026-07-25,21
MOM-016,SKU-027,B451712,2026-07-23,2026-08-13,40
MOM-016,SKU-012,B941459,2026-07-29,2026-09-12,40
MOM-016,SKU-030,B396905,2026-08-16,2026-09-30,48
MOM-016,SKU-046,B146117,2026-07-21,2026-08-11,52
MOM-016,SKU-004,B141758,2026-07-12,2026-07-22,42
MOM-016,SKU-004,B943111,2026-07-14,2026-08-28,20
MOM-016,SKU-044,B105755,2026-07-23,2026-09-06,6
NYE-028,SKU-012,B975295,2026-08-11,2026-09-25,32
NYE-028,SKU-042,B156730,2026-07-20,2026-08-10,24
NYE-028,SKU-042,B371335,2026-07-25,2026-08-15,44
NYE-028,SKU-057,B801777,2026-08-17,2026-08-27,16
NYE-028,SKU-057,B673365,2026-08-05,2026-12-03,16
NYE-028,SKU-059,B770353,2026-08-08,2026-08-29,23
NYE-028,SKU-059,B607228,2026-08-04,2026-12-02,39
NYE-028,SKU-002,B574099,2026-07-13,2026-08-27,20
NYE-028,SKU-002,B967943,2026-08-17,2026-10-01,43
NYE-028,SKU-037,B200914,2026-08-19,2026-10-03,6
NYE-028,SKU-037,B761825,2026-08-04,2026-09-18,53
ELD-007,SKU-038,B145273,2026-07-22,2026-11-19,2
ELD-007,SKU-055,B908661,2026-07-24,2026-09-07,3
ELD-007,SKU-055,B223885,2026-07-14,2026-11-11,53
ELD-007,SKU-055,B882478,2026-08-04,2026-09-18,39
ELD-007,SKU-030,B973267,2026-08-20,2026-12-18,45
ELD-007,SKU-042,B205713,2026-07-28,2026-11-25,47
ELD-007,SKU-042,B196311,2026-07-23,2026-09-06,20
ELD-007,SKU-042,B101892,2026-08-06,2026-09-20,21
ELD-007,SKU-053,B309457,2026-08-17,2026-08-27,39
ELD-007,SKU-043,B297605,2026-07-20,2026-11-17,5
NYE-010,SKU-054,B182749,2026-07-23,2026-09-06,31
NYE-010,SKU-035,B695615,2026-08-12,2026-09-02,35
NYE-010,SKU-059,B248868,2026-07-24,2026-11-21,17
NYE-010,SKU-059,B329841,2026-07-28,2026-08-07,17
NYE-010,SKU-024,B295711,2026-07-15,2026-08-05,25
NYE-010,SKU-038,B844466,2026-08-13,2026-08-23,20
NYE-010,SKU-038,B775633,2026-08-08,2026-12-06,21
NYE-010,SKU-038,B539352,2026-08-13,2026-08-23,44
NYE-010,SKU-032,B621105,2026-08-12,2026-12-10,42
NYE-010,SKU-032,B357989,2026-08-20,2026-10-04,56
NYE-010,SKU-032,B983278,2026-07-14,2026-08-04,59
NYE-036,SKU-006,B606729,2026-07-20,2026-09-03,25
NYE-036,SKU-006,B213893,2026-08-20,2026-09-10,29
NYE-036,SKU-006,B277779,2026-07-16,2026-11-13,28
NYE-036,SKU-044,B634234,2026-08-09,2026-12-07,22
NYE-036,SKU-044,B223236,2026-07-19,2026-07-29,0
NYE-036,SKU-016,B491331,2026-08-15,2026-12-13,7
NYE-036,SKU-016,B323347,2026-08-08,2026-08-29,55
NYE-036,SKU-016,B715986,2026-07-24,2026-09-07,54
NYE-036,SKU-050,B659164,2026-07-30,2026-08-09,54
NYE-036,SKU-050,B180992,2026-08-11,2026-09-01,44
NYE-036,SKU-045,B462949,2026-07-31,2026-08-10,37
NYE-036,SKU-010,B894292,2026-08-15,2026-08-25,21
NYE-036,SKU-010,B864293,2026-07-15,2026-08-05,34
NYE-036,SKU-010,B673188,2026-08-14,2026-12-12,48
NAI-014,SKU-040,B844405,2026-08-11,2026-12-09,24
NAI-014,SKU-002,B348609,2026-08-12,2026-12-10,25
NAI-014,SKU-009,B358745,2026-08-03,2026-12-01,37
NAI-014,SKU-009,B794352,2026-08-03,2026-08-24,36
NAI-014,SKU-014,B639662,2026-08-20,2026-08-30,14
NAI-014,SKU-014,B552943,2026-07-23,2026-11-20,33
NAI-014,SKU-027,B538207,2026-08-19,2026-09-09,10
NAI-014,SKU-021,B130323,2026-07-14,2026-08-04,21
ELD-001,SKU-049,B927636,2026-07-16,2026-07-26,31
ELD-001,SKU-049,B786862,2026-07-19,2026-08-09,41
ELD-001,SKU-012,B260804,2026-07-17,2026-08-07,28
ELD-001,SKU-045,B568161,2026-08-03,2026-12-01,45
ELD-001,SKU-045,B988249,2026-07-22,2026-11-19,0
ELD-001,SKU-045,B124689,2026-08-16,2026-12-14,48
ELD-001,SKU-002,B998453,2026-07-17,2026-11-14,53
ELD-001,SKU-033,B131631,2026-07-23,2026-08-13,54
ELD-001,SKU-038,B711513,2026-07-13,2026-08-03,24
ELD-001,SKU-038,B885499,2026-08-01,2026-08-11,20
ELD-001,SKU-038,B196880,2026-07-19,2026-08-09,53
NAI-021,SKU-048,B963263,2026-07-26,2026-08-05,22
NAI-021,SKU-030,B778063,2026-08-18,2026-08-28,42
NAI-021,SKU-030,B502337,2026-07-27,2026-08-06,19
NAI-021,SKU-060,B263084,2026-07-31,2026-08-10,44
NAI-021,SKU-016,B984604,2026-08-09,2026-08-30,43
NAI-021,SKU-037,B255036,2026-07-26,2026-08-05,19
NAI-021,SKU-037,B510230,2026-07-27,2026-11-24,37
NAI-021,SKU-042,B570337,2026-07-23,2026-08-02,30
NAI-021,SKU-042,B634371,2026-07-16,2026-07-26,10
NAI-021,SKU-042,B351869,2026-07-22,2026-08-01,5
MOM-013,SKU-023,B756197,2026-08-16,2026-09-06,39
MOM-013,SKU-012,B203890,2026-08-15,2026-12-13,36
MOM-013,SKU-012,B345084,2026-07-22,2026-08-12,41
MOM-013,SKU-012,B441870,2026-08-16,2026-08-26,36
MOM-013,SKU-027,B939614,2026-08-02,2026-08-12,9
MOM-013,SKU-058,B498020,2026-08-07,2026-08-17,13
MOM-013,SKU-058,B795536,2026-07-16,2026-11-13,12
MOM-013,SKU-001,B776157,2026-08-14,2026-09-28,57
MOM-013,SKU-001,B374082,2026-07-17,2026-08-31,55
MOM-013,SKU-059,B691729,2026-07-26,2026-08-05,47
NYE-007,SKU-025,B156140,2026-07-12,2026-11-09,49
NYE-007,SKU-025,B992290,2026-07-12,2026-11-09,10
NYE-007,SKU-025,B612295,2026-08-01,2026-09-15,45
NYE-007,SKU-013,B860611,2026-08-10,2026-12-08,19
NYE-007,SKU-013,B267374,2026-07-27,2026-09-10,59
NYE-007,SKU-013,B739281,2026-08-14,2026-12-12,36
NYE-007,SKU-045,B376152,2026-08-03,2026-08-24,44
NYE-007,SKU-045,B539262,2026-08-07,2026-08-17,2
NYE-007,SKU-022,B497617,2026-07-27,2026-08-17,32
NYE-007,SKU-022,B119122,2026-08-16,2026-09-06,52
NYE-007,SKU-042,B406988,2026-07-31,2026-08-21,2
NYE-007,SKU-042,B492456,2026-07-22,2026-09-05,23
NYE-007,SKU-017,B279304,2026-07-24,2026-09-07,21
NYE-007,SKU-017,B967616,2026-08-16,2026-08-26,52
MOM-012,SKU-010,B770496,2026-07-26,2026-08-16,33
MOM-012,SKU-010,B521470,2026-07-30,2026-08-09,11
MOM-012,SKU-052,B131149,2026-07-16,2026-08-30,18
MOM-012,SKU-052,B276881,2026-07-25,2026-09-08,21
MOM-012,SKU-023,B953731,2026-08-09,2026-09-23,51
MOM-012,SKU-023,B224198,2026-08-16,2026-08-26,24
MOM-012,SKU-023,B893840,2026-08-15,2026-12-13,24
MOM-012,SKU-056,B108820,2026-07-24,2026-11-21,34
MOM-012,SKU-022,B279492,2026-07-18,2026-11-15,53
MOM-012,SKU-022,B987021,2026-07-30,2026-08-09,45
MOM-012,SKU-027,B635676,2026-08-20,2026-08-30,49
MOM-012,SKU-027,B465077,2026-08-18,2026-08-28,9
ELD-010,SKU-006,B750926,2026-07-29,2026-09-12,59
ELD-010,SKU-006,B520548,2026-08-03,2026-12-01,14
ELD-010,SKU-006,B382393,2026-07-18,2026-07-28,51
ELD-010,SKU-047,B893317,2026-08-06,2026-12-04,35
ELD-010,SKU-047,B311226,2026-08-14,2026-09-28,15
ELD-010,SKU-047,B848813,2026-07-14,2026-08-28,41
ELD-010,SKU-029,B618415,2026-07-17,2026-07-27,26
ELD-010,SKU-029,B678422,2026-07-25,2026-09-08,52
ELD-010,SKU-029,B408508,2026-07-15,2026-08-05,22
ELD-010,SKU-026,B963576,2026-07-19,2026-09-02,39
ELD-010,SKU-026,B145273,2026-07-21,2026-11-18,38
ELD-010,SKU-026,B465166,2026-08-10,2026-09-24,46
ELD-010,SKU-004,B579999,2026-08-06,2026-12-04,1
ELD-010,SKU-037,B518479,2026-08-06,2026-08-27,12
ELD-010,SKU-037,B134930,2026-08-12,2026-09-26,56
ELD-010,SKU-037,B180296,2026-08-13,2026-09-03,15
