outlet_id,sku,batch_no,received,expiry,qty_on_shelf,days_to_expiry,fifo_rank,batches_on_shelf,alert
NYE-015,SKU-054,B856703,2026-07-12,2026-07-22,54,-34,1,2,EXPIRED - pull from shelf
ELD-037,SKU-028,B744387,2026-07-12,2026-07-22,3,-34,1,1,EXPIRED - pull from shelf
MOM-016,SKU-004,B141758,2026-07-12,2026-07-22,42,-34,1,2,EXPIRED - pull from shelf
NAI-028,SKU-016,B768834,2026-07-12,2026-07-22,34,-34,1,2,EXPIRED - pull from shelf
NAI-031,SKU-017,B725200,2026-07-13,2026-07-23,45,-33,1,1,EXPIRED - pull from shelf
NAI-033,SKU-031,B938993,2026-07-13,2026-07-23,39,-33,1,2,EXPIRED - pull from shelf
NYE-027,SKU-023,B278140,2026-07-13,2026-07-23,28,-33,1,3,EXPIRED - pull from shelf
ELD-016,SKU-034,B980981,2026-07-13,2026-07-23,40,-33,1,1,EXPIRED - pull from shelf
NAI-011,SKU-009,B203547,2026-07-13,2026-07-23,7,-33,1,3,EXPIRED - pull from shelf
KIS-010,SKU-059,B624742,2026-07-14,2026-07-24,55,-32,1,1,EXPIRED - pull from shelf
NAI-019,SKU-039,B277292,2026-07-14,2026-07-24,36,-32,1,3,EXPIRED - pull from shelf
NAK-012,SKU-030,B565167,2026-07-14,2026-07-24,20,-32,1,3,EXPIRED - pull from shelf
ELD-022,SKU-040,B452080,2026-07-14,2026-07-24,28,-32,1,1,EXPIRED - pull from shelf
KIS-020,SKU-056,B447235,2026-07-14,2026-07-24,38,-32,1,3,EXPIRED - pull from shelf
NYE-004,SKU-025,B871327,2026-07-15,2026-07-25,13,-31,1,3,EXPIRED - pull from shelf
NAI-034,SKU-050,B351058,2026-07-15,2026-07-25,47,-31,1,1,EXPIRED - pull from shelf
NYE-037,SKU-040,B269915,2026-07-15,2026-07-25,2,-31,1,2,EXPIRED - pull from shelf
KIS-003,SKU-011,B402870,2026-07-15,2026-07-25,21,-31,1,1,EXPIRED - pull from shelf
ELD-037,SKU-048,B167765,2026-07-16,2026-07-26,39,-30,1,1,EXPIRED - pull from shelf
MOM-035,SKU-007,B463535,2026-07-16,2026-07-26,3,-30,1,3,EXPIRED - pull from shelf
MOM-001,SKU-019,B785105,2026-07-16,2026-07-26,12,-30,1,3,EXPIRED - pull from shelf
NAI-021,SKU-042,B634371,2026-07-16,2026-07-26,10,-30,1,3,EXPIRED - pull from shelf
NAI-000,SKU-026,B464109,2026-07-16,2026-07-26,33,-30,1,2,EXPIRED - pull from shelf
ELD-001,SKU-049,B927636,2026-07-16,2026-07-26,31,-30,1,2,EXPIRED - pull from shelf
ELD-014,SKU-031,B943609,2026-07-16,2026-07-26,28,-30,1,1,EXPIRED - pull from shelf
NAI-040,SKU-041,B788037,2026-07-17,2026-07-27,16,-29,1,3,EXPIRED - pull from shelf
KIS-000,SKU-023,B494428,2026-07-17,2026-07-27,16,-29,1,2,EXPIRED - pull from shelf
KIS-017,SKU-002,B609286,2026-07-17,2026-07-27,18,-29,1,2,EXPIRED - pull from shelf
NAK-012,SKU-047,B914571,2026-07-17,2026-07-27,5,-29,1,3,EXPIRED - pull from shelf
ELD-010,SKU-029,B618415,2026-07-17,2026-07-27,26,-29,2,3,EXPIRED - pull from shelf
ELD-016,SKU-022,B678632,2026-07-17,2026-07-27,13,-29,1,3,EXPIRED - pull from shelf
MOM-030,SKU-054,B204475,2026-07-17,2026-07-27,29,-29,1,2,EXPIRED - pull from shelf
KIS-022,SKU-005,B912711,2026-07-17,2026-07-27,56,-29,1,2,EXPIRED - pull from shelf
NYE-037,SKU-024,B493503,2026-07-18,2026-07-28,26,-28,1,3,EXPIRED - pull from shelf
MOM-024,SKU-054,B114888,2026-07-18,2026-07-28,4,-28,2,2,EXPIRED - pull from shelf
ELD-010,SKU-006,B382393,2026-07-18,2026-07-28,51,-28,1,3,EXPIRED - pull from shelf
NAK-010,SKU-060,B143072,2026-07-18,2026-07-28,32,-28,1,2,EXPIRED - pull from shelf
KIS-004,SKU-039,B292635,2026-07-18,2026-07-28,18,-28,1,1,EXPIRED - pull from shelf
NAI-029,SKU-039,B537460,2026-07-18,2026-07-28,20,-28,1,2,EXPIRED - pull from shelf
NAI-039,SKU-021,B988302,2026-07-18,2026-07-28,6,-28,1,3,EXPIRED - pull from shelf
ELD-035,SKU-048,B917321,2026-07-18,2026-07-28,41,-28,1,2,EXPIRED - pull from shelf
NAI-038,SKU-036,B102865,2026-07-18,2026-07-28,47,-28,1,2,EXPIRED - pull from shelf
KIS-025,SKU-055,B497490,2026-07-19,2026-07-29,40,-27,1,3,EXPIRED - pull from shelf
NAI-038,SKU-050,B411536,2026-07-19,2026-07-29,35,-27,1,2,EXPIRED - pull from shelf
ELD-016,SKU-025,B983595,2026-07-19,2026-07-29,38,-27,2,2,EXPIRED - pull from shelf
KIS-014,SKU-008,B428343,2026-07-20,2026-07-30,58,-26,1,2,EXPIRED - pull from shelf
NAI-028,SKU-016,B523017,2026-07-20,2026-07-30,59,-26,2,2,EXPIRED - pull from shelf
MOM-024,SKU-024,B388682,2026-07-21,2026-07-31,13,-25,1,3,EXPIRED - pull from shelf
ELD-016,SKU-019,B308845,2026-07-21,2026-07-31,24,-25,1,3,EXPIRED - pull from shelf
NAI-031,SKU-025,B616997,2026-07-22,2026-08-01,2,-24,1,3,EXPIRED - pull from shelf
NYE-015,SKU-060,B363320,2026-07-22,2026-08-01,53,-24,1,3,EXPIRED - pull from shelf
ELD-018,SKU-012,B456936,2026-07-22,2026-08-01,48,-24,1,3,EXPIRED - pull from shelf
NAI-021,SKU-042,B351869,2026-07-22,2026-08-01,5,-24,2,3,EXPIRED - pull from shelf
KIS-006,SKU-041,B180800,2026-07-22,2026-08-01,21,-24,1,1,EXPIRED - pull from shelf
NAI-031,SKU-054,B335967,2026-07-23,2026-08-02,58,-23,1,2,EXPIRED - pull from shelf
KIS-013,SKU-020,B627656,2026-07-12,2026-08-02,17,-23,1,2,EXPIRED - pull from shelf
ELD-037,SKU-037,B288234,2026-07-23,2026-08-02,42,-23,1,3,EXPIRED - pull from shelf
NAI-021,SKU-042,B570337,2026-07-23,2026-08-02,30,-23,3,3,EXPIRED - pull from shelf
MOM-026,SKU-005,B286349,2026-07-23,2026-08-02,25,-23,1,2,EXPIRED - pull from shelf
NAI-019,SKU-054,B793246,2026-07-13,2026-08-03,37,-22,1,1,EXPIRED - pull from shelf
KIS-017,SKU-028,B345581,2026-07-24,2026-08-03,48,-22,1,2,EXPIRED - pull from shelf
ELD-016,SKU-058,B588690,2026-07-13,2026-08-03,33,-22,1,3,EXPIRED - pull from shelf
NAI-031,SKU-060,B380227,2026-07-24,2026-08-03,3,-22,1,3,EXPIRED - pull from shelf
ELD-001,SKU-038,B711513,2026-07-13,2026-08-03,24,-22,1,3,EXPIRED - pull from shelf
NAI-004,SKU-044,B879662,2026-07-24,2026-08-03,21,-22,1,2,EXPIRED - pull from shelf
MOM-041,SKU-021,B969677,2026-07-24,2026-08-03,31,-22,1,1,EXPIRED - pull from shelf
KIS-014,SKU-041,B138200,2026-07-24,2026-08-03,10,-22,1,2,EXPIRED - pull from shelf
NAI-029,SKU-041,B240115,2026-07-13,2026-08-03,56,-22,1,3,EXPIRED - pull from shelf
MOM-015,SKU-030,B701491,2026-07-25,2026-08-04,59,-21,1,1,EXPIRED - pull from shelf
MOM-001,SKU-019,B779953,2026-07-25,2026-08-04,27,-21,3,3,EXPIRED - pull from shelf
NAI-014,SKU-021,B130323,2026-07-14,2026-08-04,21,-21,1,1,EXPIRED - pull from shelf
ELD-014,SKU-002,B341611,2026-07-14,2026-08-04,39,-21,1,2,EXPIRED - pull from shelf
ELD-019,SKU-036,B949099,2026-07-14,2026-08-04,46,-21,1,2,EXPIRED - pull from shelf
ELD-035,SKU-023,B392912,2026-07-25,2026-08-04,50,-21,1,3,EXPIRED - pull from shelf
NAK-002,SKU-040,B794422,2026-07-25,2026-08-04,56,-21,1,1,EXPIRED - pull from shelf
NYE-035,SKU-025,B168822,2026-07-25,2026-08-04,47,-21,1,2,EXPIRED - pull from shelf
KIS-003,SKU-051,B442121,2026-07-14,2026-08-04,13,-21,1,3,EXPIRED - pull from shelf
KIS-021,SKU-015,B677528,2026-07-14,2026-08-04,17,-21,1,2,EXPIRED - pull from shelf
ELD-027,SKU-024,B738547,2026-07-14,2026-08-04,37,-21,1,1,EXPIRED - pull from shelf
NAI-038,SKU-048,B613703,2026-07-14,2026-08-04,18,-21,1,3,EXPIRED - pull from shelf
NYE-010,SKU-032,B983278,2026-07-14,2026-08-04,59,-21,1,3,EXPIRED - pull from shelf
MOM-013,SKU-059,B691729,2026-07-26,2026-08-05,47,-20,1,1,EXPIRED - pull from shelf
NAI-018,SKU-031,B674848,2026-07-15,2026-08-05,48,-20,1,3,EXPIRED - pull from shelf
MOM-035,SKU-012,B482402,2026-07-26,2026-08-05,52,-20,1,2,EXPIRED - pull from shelf
NAI-019,SKU-007,B708758,2026-07-15,2026-08-05,35,-20,1,1,EXPIRED - pull from shelf
NAI-033,SKU-013,B133650,2026-07-15,2026-08-05,36,-20,1,1,EXPIRED - pull from shelf
NAK-018,SKU-022,B385584,2026-07-15,2026-08-05,41,-20,1,2,EXPIRED - pull from shelf
NAK-026,SKU-031,B716424,2026-07-15,2026-08-05,17,-20,1,1,EXPIRED - pull from shelf
NAI-021,SKU-037,B255036,2026-07-26,2026-08-05,19,-20,1,2,EXPIRED - pull from shelf
NYE-031,SKU-043,B474951,2026-07-26,2026-08-05,18,-20,3,3,EXPIRED - pull from shelf
NYE-036,SKU-010,B864293,2026-07-15,2026-08-05,34,-20,1,3,EXPIRED - pull from shelf
NYE-035,SKU-002,B479313,2026-07-26,2026-08-05,37,-20,2,3,EXPIRED - pull from shelf
ELD-010,SKU-029,B408508,2026-07-15,2026-08-05,22,-20,1,3,EXPIRED - pull from shelf
ELD-011,SKU-039,B959356,2026-07-26,2026-08-05,8,-20,1,3,EXPIRED - pull from shelf
ELD-014,SKU-005,B998642,2026-07-15,2026-08-05,59,-20,1,1,EXPIRED - pull from shelf
NAI-021,SKU-048,B963263,2026-07-26,2026-08-05,22,-20,1,1,EXPIRED - pull from shelf
ELD-022,SKU-025,B860869,2026-07-15,2026-08-05,3,-20,1,2,EXPIRED - pull from shelf
NYE-010,SKU-024,B295711,2026-07-15,2026-08-05,25,-20,1,1,EXPIRED - pull from shelf
KIS-020,SKU-035,B800073,2026-07-26,2026-08-05,54,-20,1,1,EXPIRED - pull from shelf
KIS-013,SKU-053,B994644,2026-07-26,2026-08-05,55,-20,2,3,EXPIRED - pull from shelf
NAI-016,SKU-032,B292992,2026-07-16,2026-08-06,51,-19,1,2,EXPIRED - pull from shelf
MOM-041,SKU-029,B375540,2026-07-16,2026-08-06,17,-19,1,3,EXPIRED - pull from shelf
NAI-021,SKU-030,B502337,2026-07-27,2026-08-06,19,-19,1,2,EXPIRED - pull from shelf
NYE-033,SKU-009,B217932,2026-07-16,2026-08-06,18,-19,1,2,EXPIRED - pull from shelf
KIS-004,SKU-042,B339252,2026-07-16,2026-08-06,38,-19,1,3,EXPIRED - pull from shelf
ELD-027,SKU-005,B925816,2026-07-27,2026-08-06,29,-19,1,2,EXPIRED - pull from shelf
NAK-012,SKU-023,B138411,2026-07-27,2026-08-06,21,-19,1,3,EXPIRED - pull from shelf
NYE-001,SKU-030,B493274,2026-07-16,2026-08-06,53,-19,1,2,EXPIRED - pull from shelf
NYE-020,SKU-021,B786151,2026-07-27,2026-08-06,34,-19,1,3,EXPIRED - pull from shelf
NAK-007,SKU-059,B689346,2026-07-27,2026-08-06,7,-19,1,1,EXPIRED - pull from shelf
KIS-000,SKU-002,B796334,2026-07-16,2026-08-06,48,-19,2,3,EXPIRED - pull from shelf
NYE-010,SKU-059,B329841,2026-07-28,2026-08-07,17,-18,2,2,EXPIRED - pull from shelf
NYE-020,SKU-019,B833672,2026-07-17,2026-08-07,17,-18,1,2,EXPIRED - pull from shelf
ELD-027,SKU-057,B966257,2026-07-17,2026-08-07,36,-18,1,3,EXPIRED - pull from shelf
NAI-018,SKU-001,B900365,2026-07-28,2026-08-07,29,-18,1,1,EXPIRED - pull from shelf
NAI-027,SKU-026,B261763,2026-07-17,2026-08-07,14,-18,1,2,EXPIRED - pull from shelf
NAI-040,SKU-058,B687034,2026-07-28,2026-08-07,58,-18,2,3,EXPIRED - pull from shelf
NAK-012,SKU-023,B288048,2026-07-28,2026-08-07,17,-18,2,3,EXPIRED - pull from shelf
NAK-002,SKU-017,B309351,2026-07-17,2026-08-07,58,-18,1,3,EXPIRED - pull from shelf
NYE-001,SKU-005,B889657,2026-07-17,2026-08-07,13,-18,1,3,EXPIRED - pull from shelf
NAK-007,SKU-012,B591477,2026-07-17,2026-08-07,5,-18,1,2,EXPIRED - pull from shelf
ELD-018,SKU-009,B359901,2026-07-28,2026-08-07,35,-18,1,2,EXPIRED - pull from shelf
ELD-001,SKU-012,B260804,2026-07-17,2026-08-07,28,-18,1,1,EXPIRED - pull from shelf
KIS-021,SKU-035,B703508,2026-07-29,2026-08-08,1,-17,2,3,EXPIRED - pull from shelf
ELD-019,SKU-043,B443819,2026-07-29,2026-08-08,11,-17,1,1,EXPIRED - pull from shelf
NAI-039,SKU-044,B653416,2026-07-29,2026-08-08,3,-17,1,2,EXPIRED - pull from shelf
NAI-028,SKU-055,B634681,2026-07-18,2026-08-08,38,-17,1,2,EXPIRED - pull from shelf
NAI-034,SKU-004,B336174,2026-07-29,2026-08-08,29,-17,2,2,EXPIRED - pull from shelf
NAI-004,SKU-036,B514921,2026-07-29,2026-08-08,45,-17,1,2,EXPIRED - pull from shelf
NAI-027,SKU-042,B646595,2026-07-18,2026-08-08,51,-17,1,3,EXPIRED - pull from shelf
ELD-011,SKU-026,B879007,2026-07-29,2026-08-08,54,-17,1,2,EXPIRED - pull from shelf
MOM-035,SKU-032,B947008,2026-07-30,2026-08-09,37,-16,1,2,EXPIRED - pull from shelf
MOM-001,SKU-032,B318863,2026-07-19,2026-08-09,2,-16,1,3,EXPIRED - pull from shelf
MOM-001,SKU-009,B749553,2026-07-19,2026-08-09,9,-16,1,3,EXPIRED - pull from shelf
NYE-036,SKU-050,B659164,2026-07-30,2026-08-09,54,-16,1,2,EXPIRED - pull from shelf
MOM-012,SKU-010,B521470,2026-07-30,2026-08-09,11,-16,2,2,EXPIRED - pull from shelf
ELD-001,SKU-038,B196880,2026-07-19,2026-08-09,53,-16,2,3,EXPIRED - pull from shelf
ELD-001,SKU-049,B786862,2026-07-19,2026-08-09,41,-16,2,2,EXPIRED - pull from shelf
KIS-003,SKU-014,B890749,2026-07-30,2026-08-09,49,-16,1,2,EXPIRED - pull from shelf
KIS-008,SKU-034,B220234,2026-07-19,2026-08-09,50,-16,1,3,EXPIRED - pull from shelf
NAI-039,SKU-057,B319959,2026-07-30,2026-08-09,44,-16,2,3,EXPIRED - pull from shelf
NAI-035,SKU-048,B472994,2026-07-19,2026-08-09,52,-16,1,2,EXPIRED - pull from shelf
NAK-007,SKU-021,B165464,2026-07-30,2026-08-09,44,-16,3,3,EXPIRED - pull from shelf
NAI-031,SKU-040,B648674,2026-07-19,2026-08-09,15,-16,1,2,EXPIRED - pull from shelf
ELD-011,SKU-050,B864959,2026-07-19,2026-08-09,43,-16,1,1,EXPIRED - pull from shelf
NYE-033,SKU-054,B889884,2026-07-30,2026-08-09,38,-16,2,3,EXPIRED - pull from shelf
ELD-008,SKU-026,B499750,2026-07-19,2026-08-09,46,-16,1,2,EXPIRED - pull from shelf
MOM-012,SKU-022,B987021,2026-07-30,2026-08-09,45,-16,2,2,EXPIRED - pull from shelf
NYE-033,SKU-054,B656825,2026-07-20,2026-08-10,2,-15,1,3,EXPIRED - pull from shelf
NAI-019,SKU-010,B799002,2026-07-20,2026-08-10,19,-15,1,2,EXPIRED - pull from shelf
NYE-028,SKU-042,B156730,2026-07-20,2026-08-10,24,-15,1,2,EXPIRED - pull from shelf
ELD-008,SKU-023,B381978,2026-07-20,2026-08-10,1,-15,1,2,EXPIRED - pull from shelf
KIS-022,SKU-011,B677353,2026-07-20,2026-08-10,54,-15,1,3,EXPIRED - pull from shelf
NYE-036,SKU-045,B462949,2026-07-31,2026-08-10,37,-15,1,1,EXPIRED - pull from shelf
NAI-021,SKU-060,B263084,2026-07-31,2026-08-10,44,-15,1,1,EXPIRED - pull from shelf
ELD-014,SKU-002,B873291,2026-07-21,2026-08-11,40,-14,2,2,EXPIRED - pull from shelf
MOM-016,SKU-046,B146117,2026-07-21,2026-08-11,52,-14,1,1,EXPIRED - pull from shelf
NAI-011,SKU-011,B524091,2026-07-21,2026-08-11,37,-14,1,2,EXPIRED - pull from shelf
NAI-000,SKU-024,B286503,2026-07-21,2026-08-11,44,-14,2,2,EXPIRED - pull from shelf
NAI-018,SKU-027,B272533,2026-07-21,2026-08-11,11,-14,1,3,EXPIRED - pull from shelf
ELD-001,SKU-038,B885499,2026-08-01,2026-08-11,20,-14,3,3,EXPIRED - pull from shelf
NAI-028,SKU-044,B408552,2026-07-21,2026-08-11,3,-14,1,2,EXPIRED - pull from shelf
KIS-022,SKU-040,B617952,2026-07-21,2026-08-11,20,-14,2,3,EXPIRED - pull from shelf
ELD-024,SKU-028,B885769,2026-08-01,2026-08-11,10,-14,2,3,EXPIRED - pull from shelf
KIS-021,SKU-049,B987292,2026-08-01,2026-08-11,52,-14,1,1,EXPIRED - pull from shelf
NYE-020,SKU-048,B139564,2026-07-22,2026-08-12,33,-13,1,2,EXPIRED - pull from shelf
NYE-037,SKU-052,B563751,2026-07-22,2026-08-12,1,-13,1,3,EXPIRED - pull from shelf
ELD-035,SKU-048,B583347,2026-08-02,2026-08-12,46,-13,2,2,EXPIRED - pull from shelf
NAI-028,SKU-044,B111877,2026-07-22,2026-08-12,25,-13,2,2,EXPIRED - pull from shelf
ELD-014,SKU-013,B382025,2026-07-22,2026-08-12,38,-13,2,2,EXPIRED - pull from shelf
ELD-008,SKU-042,B865155,2026-08-02,2026-08-12,7,-13,3,3,EXPIRED - pull from shelf
MOM-013,SKU-012,B345084,2026-07-22,2026-08-12,41,-13,1,3,EXPIRED - pull from shelf
NAI-016,SKU-034,B344990,2026-08-02,2026-08-12,40,-13,2,3,EXPIRED - pull from shelf
MOM-035,SKU-045,B500070,2026-07-22,2026-08-12,50,-13,2,3,EXPIRED - pull from shelf
MOM-013,SKU-027,B939614,2026-08-02,2026-08-12,9,-13,1,1,EXPIRED - pull from shelf
NAI-019,SKU-058,B496575,2026-07-22,2026-08-12,40,-13,1,2,EXPIRED - pull from shelf
KIS-006,SKU-037,B277781,2026-08-02,2026-08-12,23,-13,2,3,EXPIRED - pull from shelf
NAK-010,SKU-015,B820788,2026-07-22,2026-08-12,20,-13,2,2,EXPIRED - pull from shelf
NAI-039,SKU-044,B251674,2026-08-02,2026-08-12,7,-13,2,2,EXPIRED - pull from shelf
NAI-039,SKU-047,B974302,2026-08-02,2026-08-12,14,-13,1,1,EXPIRED - pull from shelf
NAI-033,SKU-011,B882517,2026-07-22,2026-08-12,31,-13,1,2,EXPIRED - pull from shelf
NAI-018,SKU-031,B295731,2026-07-22,2026-08-12,38,-13,2,3,EXPIRED - pull from shelf
NAI-019,SKU-039,B979168,2026-08-02,2026-08-12,42,-13,2,3,EXPIRED - pull from shelf
NYE-020,SKU-059,B295642,2026-07-23,2026-08-13,7,-12,1,2,EXPIRED - pull from shelf
KIS-025,SKU-043,B498975,2026-08-03,2026-08-13,28,-12,1,1,EXPIRED - pull from shelf
KIS-013,SKU-049,B239308,2026-08-03,2026-08-13,43,-12,1,2,EXPIRED - pull from shelf
NYE-004,SKU-021,B950789,2026-07-23,2026-08-13,31,-12,2,2,EXPIRED - pull from shelf
KIS-013,SKU-016,B135265,2026-08-03,2026-08-13,16,-12,1,3,EXPIRED - pull from shelf
ELD-001,SKU-033,B131631,2026-07-23,2026-08-13,54,-12,1,1,EXPIRED - pull from shelf
ELD-019,SKU-036,B694523,2026-07-23,2026-08-13,2,-12,2,2,EXPIRED - pull from shelf
ELD-022,SKU-014,B220216,2026-07-23,2026-08-13,3,-12,1,1,EXPIRED - pull from shelf
NAI-027,SKU-006,B534551,2026-08-03,2026-08-13,45,-12,2,2,EXPIRED - pull from shelf
MOM-016,SKU-027,B451712,2026-07-23,2026-08-13,40,-12,1,1,EXPIRED - pull from shelf
KIS-025,SKU-022,B477252,2026-07-23,2026-08-13,54,-12,2,2,EXPIRED - pull from shelf
NAI-027,SKU-006,B247061,2026-07-23,2026-08-13,33,-12,1,2,EXPIRED - pull from shelf
MOM-030,SKU-046,B864689,2026-07-23,2026-08-13,10,-12,1,1,EXPIRED - pull from shelf
MOM-019,SKU-020,B736918,2026-07-23,2026-08-13,45,-12,1,1,EXPIRED - pull from shelf
NYE-008,SKU-049,B334892,2026-08-04,2026-08-14,13,-11,1,2,EXPIRED - pull from shelf
NAI-027,SKU-042,B189875,2026-07-24,2026-08-14,54,-11,3,3,EXPIRED - pull from shelf
KIS-025,SKU-056,B609741,2026-07-24,2026-08-14,38,-11,1,1,EXPIRED - pull from shelf
ELD-008,SKU-009,B455479,2026-07-24,2026-08-14,41,-11,1,3,EXPIRED - pull from shelf
ELD-035,SKU-021,B876181,2026-08-04,2026-08-14,58,-11,1,3,EXPIRED - pull from shelf
NYE-008,SKU-014,B326772,2026-08-04,2026-08-14,56,-11,2,3,EXPIRED - pull from shelf
NYE-008,SKU-025,B201887,2026-07-24,2026-08-14,1,-11,2,2,EXPIRED - pull from shelf
KIS-004,SKU-036,B734040,2026-07-24,2026-08-14,27,-11,1,1,EXPIRED - pull from shelf
NAI-039,SKU-057,B776385,2026-07-24,2026-08-14,4,-11,1,3,EXPIRED - pull from shelf
NAK-002,SKU-027,B599802,2026-07-24,2026-08-14,21,-11,1,2,EXPIRED - pull from shelf
KIS-014,SKU-041,B990198,2026-08-04,2026-08-14,31,-11,2,2,EXPIRED - pull from shelf
NAI-016,SKU-034,B866577,2026-08-04,2026-08-14,17,-11,3,3,EXPIRED - pull from shelf
MOM-026,SKU-044,B511923,2026-07-24,2026-08-14,10,-11,1,3,EXPIRED - pull from shelf
NAI-019,SKU-052,B486299,2026-08-05,2026-08-15,44,-10,2,2,EXPIRED - pull from shelf
NAI-039,SKU-021,B957933,2026-08-05,2026-08-15,22,-10,2,3,EXPIRED - pull from shelf
NYE-020,SKU-021,B284650,2026-08-05,2026-08-15,19,-10,3,3,EXPIRED - pull from shelf
NYE-028,SKU-042,B371335,2026-07-25,2026-08-15,44,-10,2,2,EXPIRED - pull from shelf
NAK-007,SKU-019,B206568,2026-07-25,2026-08-15,54,-10,1,1,EXPIRED - pull from shelf
NAK-008,SKU-026,B157262,2026-08-05,2026-08-15,25,-10,2,2,EXPIRED - pull from shelf
NYE-015,SKU-027,B772247,2026-07-25,2026-08-15,25,-10,1,2,EXPIRED - pull from shelf
KIS-020,SKU-058,B828186,2026-08-05,2026-08-15,15,-10,1,1,EXPIRED - pull from shelf
KIS-014,SKU-008,B892302,2026-08-05,2026-08-15,12,-10,2,2,EXPIRED - pull from shelf
NAI-018,SKU-023,B455104,2026-07-25,2026-08-15,23,-10,1,2,EXPIRED - pull from shelf
MOM-024,SKU-029,B146151,2026-08-05,2026-08-15,42,-10,2,2,EXPIRED - pull from shelf
MOM-019,SKU-009,B637285,2026-08-05,2026-08-15,10,-10,1,1,EXPIRED - pull from shelf
NYE-037,SKU-024,B874775,2026-08-06,2026-08-16,38,-9,3,3,EXPIRED - pull from shelf
NYE-037,SKU-027,B918342,2026-08-06,2026-08-16,39,-9,2,3,EXPIRED - pull from shelf
MOM-012,SKU-010,B770496,2026-07-26,2026-08-16,33,-9,1,2,EXPIRED - pull from shelf
MOM-041,SKU-047,B288222,2026-07-26,2026-08-16,57,-9,1,2,EXPIRED - pull from shelf
NAI-040,SKU-041,B616291,2026-07-26,2026-08-16,28,-9,2,3,EXPIRED - pull from shelf
NAI-038,SKU-002,B158860,2026-07-26,2026-08-16,3,-9,1,1,EXPIRED - pull from shelf
NAI-016,SKU-032,B453843,2026-08-06,2026-08-16,55,-9,2,2,EXPIRED - pull from shelf
NAI-034,SKU-004,B390202,2026-07-26,2026-08-16,18,-9,1,2,EXPIRED - pull from shelf
ELD-016,SKU-020,B468403,2026-07-26,2026-08-16,38,-9,1,3,EXPIRED - pull from shelf
NYE-037,SKU-031,B309342,2026-07-26,2026-08-16,22,-9,1,2,EXPIRED - pull from shelf
NAI-000,SKU-026,B231457,2026-08-07,2026-08-17,34,-8,2,2,EXPIRED - pull from shelf
NAI-004,SKU-044,B994654,2026-07-27,2026-08-17,51,-8,2,2,EXPIRED - pull from shelf
NAK-007,SKU-058,B322859,2026-08-07,2026-08-17,51,-8,1,2,EXPIRED - pull from shelf
MOM-004,SKU-052,B519843,2026-07-27,2026-08-17,31,-8,1,1,EXPIRED - pull from shelf
NAK-012,SKU-047,B435289,2026-08-07,2026-08-17,58,-8,2,3,EXPIRED - pull from shelf
NYE-007,SKU-022,B497617,2026-07-27,2026-08-17,32,-8,1,2,EXPIRED - pull from shelf
NAI-018,SKU-023,B165409,2026-07-27,2026-08-17,17,-8,2,2,EXPIRED - pull from shelf
NYE-007,SKU-045,B539262,2026-08-07,2026-08-17,2,-8,2,2,EXPIRED - pull from shelf
NAI-033,SKU-011,B797518,2026-07-27,2026-08-17,46,-8,2,2,EXPIRED - pull from shelf
ELD-016,SKU-022,B749935,2026-08-07,2026-08-17,34,-8,3,3,EXPIRED - pull from shelf
NAI-029,SKU-041,B396578,2026-07-27,2026-08-17,54,-8,3,3,EXPIRED - pull from shelf
NYE-001,SKU-005,B885687,2026-07-27,2026-08-17,29,-8,2,3,EXPIRED - pull from shelf
MOM-013,SKU-058,B498020,2026-08-07,2026-08-17,13,-8,2,2,EXPIRED - pull from shelf
NAK-012,SKU-023,B909550,2026-07-28,2026-08-18,9,-7,3,3,EXPIRED - pull from shelf
NYE-031,SKU-032,B387713,2026-07-28,2026-08-18,11,-7,1,2,EXPIRED - pull from shelf
NAI-033,SKU-021,B386621,2026-07-28,2026-08-18,19,-7,1,1,EXPIRED - pull from shelf
NAK-018,SKU-020,B892845,2026-08-08,2026-08-18,46,-7,3,3,EXPIRED - pull from shelf
NYE-037,SKU-024,B314599,2026-07-28,2026-08-18,39,-7,2,3,EXPIRED - pull from shelf
ELD-018,SKU-030,B315307,2026-07-28,2026-08-18,37,-7,1,2,EXPIRED - pull from shelf
NYE-020,SKU-048,B744935,2026-08-08,2026-08-18,20,-7,2,2,EXPIRED - pull from shelf
KIS-000,SKU-027,B820330,2026-07-29,2026-08-19,41,-6,1,3,EXPIRED - pull from shelf
ELD-040,SKU-001,B700990,2026-08-09,2026-08-19,21,-6,2,2,EXPIRED - pull from shelf
NAI-004,SKU-030,B756462,2026-07-29,2026-08-19,12,-6,1,3,EXPIRED - pull from shelf
NAI-004,SKU-036,B955580,2026-08-09,2026-08-19,50,-6,2,2,EXPIRED - pull from shelf
KIS-000,SKU-015,B637284,2026-07-29,2026-08-19,50,-6,1,3,EXPIRED - pull from shelf
KIS-004,SKU-007,B947158,2026-08-09,2026-08-19,45,-6,2,2,EXPIRED - pull from shelf
MOM-019,SKU-010,B517715,2026-08-09,2026-08-19,9,-6,1,1,EXPIRED - pull from shelf
ELD-018,SKU-009,B369482,2026-08-09,2026-08-19,40,-6,2,2,EXPIRED - pull from shelf
NAI-011,SKU-046,B782181,2026-08-09,2026-08-19,50,-6,2,2,EXPIRED - pull from shelf
KIS-025,SKU-055,B542456,2026-07-29,2026-08-19,39,-6,2,3,EXPIRED - pull from shelf
NYE-037,SKU-040,B271016,2026-08-09,2026-08-19,52,-6,2,2,EXPIRED - pull from shelf
MOM-019,SKU-014,B368698,2026-07-29,2026-08-19,37,-6,1,1,EXPIRED - pull from shelf
NYE-008,SKU-022,B554956,2026-08-09,2026-08-19,1,-6,2,3,EXPIRED - pull from shelf
MOM-001,SKU-025,B598846,2026-07-30,2026-08-20,26,-5,1,3,EXPIRED - pull from shelf
NAK-026,SKU-026,B722353,2026-08-10,2026-08-20,53,-5,2,2,EXPIRED - pull from shelf
NAI-016,SKU-011,B289294,2026-07-30,2026-08-20,51,-5,1,3,EXPIRED - pull from shelf
NAI-000,SKU-032,B420523,2026-07-30,2026-08-20,7,-5,1,3,EXPIRED - pull from shelf
MOM-030,SKU-054,B824759,2026-07-30,2026-08-20,4,-5,2,2,EXPIRED - pull from shelf
KIS-003,SKU-036,B667384,2026-08-10,2026-08-20,45,-5,2,2,EXPIRED - pull from shelf
NAI-035,SKU-058,B702781,2026-07-30,2026-08-20,30,-5,2,3,EXPIRED - pull from shelf
KIS-000,SKU-013,B710356,2026-07-30,2026-08-20,28,-5,1,2,EXPIRED - pull from shelf
ELD-040,SKU-007,B514583,2026-07-30,2026-08-20,17,-5,1,2,EXPIRED - pull from shelf
KIS-020,SKU-012,B691337,2026-07-30,2026-08-20,23,-5,2,2,EXPIRED - pull from shelf
NAK-026,SKU-012,B330711,2026-07-30,2026-08-20,58,-5,2,2,EXPIRED - pull from shelf
NAI-031,SKU-001,B449538,2026-07-31,2026-08-21,24,-4,1,3,EXPIRED - pull from shelf
ELD-022,SKU-025,B830195,2026-07-31,2026-08-21,8,-4,2,2,EXPIRED - pull from shelf
MOM-019,SKU-021,B985529,2026-07-31,2026-08-21,11,-4,3,3,EXPIRED - pull from shelf
NAI-029,SKU-026,B836127,2026-07-31,2026-08-21,4,-4,1,1,EXPIRED - pull from shelf
KIS-022,SKU-005,B900915,2026-08-11,2026-08-21,23,-4,2,2,EXPIRED - pull from shelf
NAI-040,SKU-057,B854712,2026-07-31,2026-08-21,27,-4,1,1,EXPIRED - pull from shelf
NYE-007,SKU-042,B406988,2026-07-31,2026-08-21,2,-4,2,2,EXPIRED - pull from shelf
MOM-001,SKU-009,B943764,2026-07-31,2026-08-21,14,-4,2,3,EXPIRED - pull from shelf
MOM-026,SKU-020,B187590,2026-07-31,2026-08-21,36,-4,2,2,EXPIRED - pull from shelf
NAI-027,SKU-003,B145329,2026-08-12,2026-08-22,42,-3,2,2,EXPIRED - pull from shelf
KIS-014,SKU-006,B353250,2026-08-12,2026-08-22,50,-3,2,3,EXPIRED - pull from shelf
NYE-037,SKU-031,B871112,2026-08-01,2026-08-22,34,-3,2,2,EXPIRED - pull from shelf
MOM-030,SKU-035,B425834,2026-08-01,2026-08-22,42,-3,1,2,EXPIRED - pull from shelf
ELD-035,SKU-023,B906509,2026-08-12,2026-08-22,58,-3,2,3,EXPIRED - pull from shelf
MOM-026,SKU-017,B770179,2026-08-12,2026-08-22,44,-3,3,3,EXPIRED - pull from shelf
MOM-026,SKU-044,B275271,2026-08-01,2026-08-22,46,-3,2,3,EXPIRED - pull from shelf
NAI-011,SKU-046,B898891,2026-08-01,2026-08-22,16,-3,1,2,EXPIRED - pull from shelf
MOM-004,SKU-022,B711250,2026-08-12,2026-08-22,34,-3,1,1,EXPIRED - pull from shelf
ELD-024,SKU-037,B635623,2026-08-12,2026-08-22,29,-3,2,3,EXPIRED - pull from shelf
NAK-010,SKU-054,B768297,2026-08-13,2026-08-23,11,-2,1,1,EXPIRED - pull from shelf
KIS-013,SKU-016,B349935,2026-08-13,2026-08-23,3,-2,2,3,EXPIRED - pull from shelf
NYE-033,SKU-046,B927710,2026-08-02,2026-08-23,43,-2,1,3,EXPIRED - pull from shelf
NYE-010,SKU-038,B539352,2026-08-13,2026-08-23,44,-2,3,3,EXPIRED - pull from shelf
NYE-010,SKU-038,B844466,2026-08-13,2026-08-23,20,-2,2,3,EXPIRED - pull from shelf
KIS-010,SKU-032,B405237,2026-08-02,2026-08-23,2,-2,1,3,EXPIRED - pull from shelf
ELD-008,SKU-042,B469016,2026-08-02,2026-08-23,38,-2,2,3,EXPIRED - pull from shelf
ELD-035,SKU-028,B666588,2026-08-02,2026-08-23,6,-2,1,1,EXPIRED - pull from shelf
KIS-003,SKU-039,B631697,2026-08-13,2026-08-23,27,-2,2,2,EXPIRED - pull from shelf
MOM-026,SKU-017,B988979,2026-08-02,2026-08-23,54,-2,2,3,EXPIRED - pull from shelf
MOM-001,SKU-009,B443555,2026-08-03,2026-08-24,2,-1,3,3,EXPIRED - pull from shelf
NAI-035,SKU-048,B496408,2026-08-03,2026-08-24,36,-1,2,2,EXPIRED - pull from shelf
MOM-008,SKU-039,B934778,2026-08-14,2026-08-24,55,-1,1,1,EXPIRED - pull from shelf
NYE-007,SKU-045,B376152,2026-08-03,2026-08-24,44,-1,1,2,EXPIRED - pull from shelf
MOM-015,SKU-015,B803675,2026-08-14,2026-08-24,29,-1,1,1,EXPIRED - pull from shelf
ELD-022,SKU-046,B682277,2026-08-03,2026-08-24,9,-1,1,2,EXPIRED - pull from shelf
KIS-021,SKU-055,B267397,2026-08-03,2026-08-24,23,-1,2,3,EXPIRED - pull from shelf
NAI-014,SKU-009,B794352,2026-08-03,2026-08-24,36,-1,2,2,EXPIRED - pull from shelf
KIS-008,SKU-034,B182120,2026-08-14,2026-08-24,36,-1,3,3,EXPIRED - pull from shelf
NAI-016,SKU-011,B292436,2026-08-03,2026-08-24,21,-1,2,3,EXPIRED - pull from shelf
NAI-011,SKU-004,B464881,2026-08-04,2026-08-25,43,0,2,3,NEAR EXPIRY - rotate to front / return
NAI-035,SKU-058,B394198,2026-08-15,2026-08-25,56,0,3,3,NEAR EXPIRY - rotate to front / return
MOM-001,SKU-056,B386782,2026-08-04,2026-08-25,13,0,1,3,NEAR EXPIRY - rotate to front / return
MOM-041,SKU-047,B384660,2026-08-15,2026-08-25,19,0,2,2,NEAR EXPIRY - rotate to front / return
NYE-035,SKU-019,B908760,2026-08-04,2026-08-25,55,0,1,1,NEAR EXPIRY - rotate to front / return
NYE-008,SKU-022,B151326,2026-08-04,2026-08-25,58,0,1,3,NEAR EXPIRY - rotate to front / return
NYE-004,SKU-020,B555025,2026-08-15,2026-08-25,50,0,3,3,NEAR EXPIRY - rotate to front / return
NYE-036,SKU-010,B894292,2026-08-15,2026-08-25,21,0,3,3,NEAR EXPIRY - rotate to front / return
ELD-008,SKU-029,B164949,2026-08-15,2026-08-25,27,0,2,2,NEAR EXPIRY - rotate to front / return
KIS-014,SKU-025,B957566,2026-08-04,2026-08-25,40,0,2,3,NEAR EXPIRY - rotate to front / return
KIS-017,SKU-028,B711914,2026-08-04,2026-08-25,47,0,2,2,NEAR EXPIRY - rotate to front / return
MOM-015,SKU-052,B913913,2026-08-04,2026-08-25,22,0,1,1,NEAR EXPIRY - rotate to front / return
ELD-022,SKU-051,B737854,2026-07-12,2026-08-26,17,1,1,1,NEAR EXPIRY - rotate to front / return
ELD-024,SKU-054,B970481,2026-08-05,2026-08-26,19,1,2,2,NEAR EXPIRY - rotate to front / return
ELD-008,SKU-029,B445027,2026-08-05,2026-08-26,33,1,1,2,NEAR EXPIRY - rotate to front / return
ELD-011,SKU-039,B307164,2026-08-16,2026-08-26,31,1,2,3,NEAR EXPIRY - rotate to front / return
NYE-020,SKU-053,B398840,2026-08-16,2026-08-26,4,1,2,2,NEAR EXPIRY - rotate to front / return
KIS-017,SKU-023,B518192,2026-08-16,2026-08-26,9,1,3,3,NEAR EXPIRY - rotate to front / return
NAI-018,SKU-049,B880038,2026-08-05,2026-08-26,54,1,3,3,NEAR EXPIRY - rotate to front / return
NAI-018,SKU-027,B840435,2026-08-05,2026-08-26,39,1,2,3,NEAR EXPIRY - rotate to front / return
NYE-008,SKU-025,B878756,2026-07-12,2026-08-26,55,1,1,2,NEAR EXPIRY - rotate to front / return
MOM-024,SKU-037,B631144,2026-07-12,2026-08-26,58,1,1,1,NEAR EXPIRY - rotate to front / return
NYE-007,SKU-017,B967616,2026-08-16,2026-08-26,52,1,2,2,NEAR EXPIRY - rotate to front / return
MOM-012,SKU-023,B224198,2026-08-16,2026-08-26,24,1,3,3,NEAR EXPIRY - rotate to front / return
MOM-013,SKU-012,B441870,2026-08-16,2026-08-26,36,1,3,3,NEAR EXPIRY - rotate to front / return
KIS-004,SKU-007,B948076,2026-08-05,2026-08-26,42,1,1,2,NEAR EXPIRY - rotate to front / return
NAI-040,SKU-007,B742454,2026-08-05,2026-08-26,29,1,1,2,NEAR EXPIRY - rotate to front / return
NAI-004,SKU-048,B252734,2026-08-16,2026-08-26,56,1,1,2,NEAR EXPIRY - rotate to front / return
MOM-004,SKU-017,B907528,2026-08-16,2026-08-26,15,1,2,3,NEAR EXPIRY - rotate to front / return
KIS-021,SKU-035,B934717,2026-08-16,2026-08-26,21,1,3,3,NEAR EXPIRY - rotate to front / return
ELD-007,SKU-053,B309457,2026-08-17,2026-08-27,39,2,1,1,NEAR EXPIRY - rotate to front / return
NYE-008,SKU-015,B423070,2026-07-13,2026-08-27,33,2,1,1,NEAR EXPIRY - rotate to front / return
MOM-008,SKU-056,B200313,2026-08-17,2026-08-27,18,2,1,1,NEAR EXPIRY - rotate to front / return
NAK-026,SKU-009,B325588,2026-08-17,2026-08-27,13,2,1,1,NEAR EXPIRY - rotate to front / return
NAI-004,SKU-015,B796869,2026-08-06,2026-08-27,18,2,3,3,NEAR EXPIRY - rotate to front / return
NYE-028,SKU-057,B801777,2026-08-17,2026-08-27,16,2,2,2,NEAR EXPIRY - rotate to front / return
ELD-024,SKU-028,B878671,2026-07-13,2026-08-27,2,2,1,3,NEAR EXPIRY - rotate to front / return
ELD-008,SKU-014,B221524,2026-07-13,2026-08-27,59,2,1,2,NEAR EXPIRY - rotate to front / return
NAI-035,SKU-019,B731374,2026-08-06,2026-08-27,27,2,2,3,NEAR EXPIRY - rotate to front / return
ELD-010,SKU-037,B518479,2026-08-06,2026-08-27,12,2,1,3,NEAR EXPIRY - rotate to front / return
NYE-028,SKU-002,B574099,2026-07-13,2026-08-27,20,2,1,2,NEAR EXPIRY - rotate to front / return
NYE-001,SKU-026,B954104,2026-08-06,2026-08-27,14,2,1,1,NEAR EXPIRY - rotate to front / return
NAI-016,SKU-012,B603381,2026-07-13,2026-08-27,33,2,1,1,NEAR EXPIRY - rotate to front / return
ELD-040,SKU-004,B902589,2026-08-06,2026-08-27,9,2,1,1,NEAR EXPIRY - rotate to front / return
NAK-002,SKU-027,B916920,2026-08-06,2026-08-27,2,2,2,2,NEAR EXPIRY - rotate to front / return
KIS-008,SKU-014,B612912,2026-08-17,2026-08-27,16,2,2,2,NEAR EXPIRY - rotate to front / return
KIS-006,SKU-037,B285656,2026-08-06,2026-08-27,23,2,3,3,NEAR EXPIRY - rotate to front / return
NAI-039,SKU-021,B817463,2026-08-17,2026-08-27,12,2,3,3,NEAR EXPIRY - rotate to front / return
KIS-022,SKU-011,B226469,2026-08-17,2026-08-27,22,2,2,3,NEAR EXPIRY - rotate to front / return
KIS-022,SKU-011,B143035,2026-08-17,2026-08-27,46,2,3,3,NEAR EXPIRY - rotate to front / return
NAI-018,SKU-049,B821440,2026-07-13,2026-08-27,1,2,1,3,NEAR EXPIRY - rotate to front / return
MOM-015,SKU-025,B609632,2026-07-13,2026-08-27,8,2,1,2,NEAR EXPIRY - rotate to front / return
NYE-008,SKU-004,B926460,2026-08-06,2026-08-27,31,2,2,2,NEAR EXPIRY - rotate to front / return
ELD-040,SKU-001,B312694,2026-08-06,2026-08-27,41,2,1,2,NEAR EXPIRY - rotate to front / return
ELD-037,SKU-008,B326209,2026-07-13,2026-08-27,55,2,1,3,NEAR EXPIRY - rotate to front / return
MOM-004,SKU-035,B101531,2026-08-07,2026-08-28,15,3,2,3,NEAR EXPIRY - rotate to front / return
ELD-027,SKU-057,B241932,2026-08-07,2026-08-28,42,3,2,3,NEAR EXPIRY - rotate to front / return
MOM-024,SKU-054,B256667,2026-07-14,2026-08-28,10,3,1,2,NEAR EXPIRY - rotate to front / return
KIS-021,SKU-013,B379431,2026-08-07,2026-08-28,13,3,2,3,NEAR EXPIRY - rotate to front / return
ELD-040,SKU-013,B838767,2026-07-14,2026-08-28,52,3,1,3,NEAR EXPIRY - rotate to front / return
MOM-012,SKU-027,B465077,2026-08-18,2026-08-28,9,3,1,2,NEAR EXPIRY - rotate to front / return
MOM-016,SKU-004,B943111,2026-07-14,2026-08-28,20,3,2,2,NEAR EXPIRY - rotate to front / return
NYE-004,SKU-020,B643125,2026-07-14,2026-08-28,21,3,1,3,NEAR EXPIRY - rotate to front / return
KIS-003,SKU-041,B948456,2026-08-07,2026-08-28,22,3,3,3,NEAR EXPIRY - rotate to front / return
KIS-000,SKU-002,B705910,2026-07-14,2026-08-28,2,3,1,3,NEAR EXPIRY - rotate to front / return
NAK-008,SKU-057,B919017,2026-08-18,2026-08-28,42,3,1,1,NEAR EXPIRY - rotate to front / return
NAI-038,SKU-048,B564084,2026-08-07,2026-08-28,19,3,3,3,NEAR EXPIRY - rotate to front / return
KIS-017,SKU-004,B281047,2026-08-07,2026-08-28,19,3,1,1,NEAR EXPIRY - rotate to front / return
NAI-033,SKU-044,B767879,2026-07-14,2026-08-28,18,3,1,2,NEAR EXPIRY - rotate to front / return
KIS-013,SKU-023,B824534,2026-07-14,2026-08-28,49,3,1,2,NEAR EXPIRY - rotate to front / return
ELD-010,SKU-047,B848813,2026-07-14,2026-08-28,41,3,1,3,NEAR EXPIRY - rotate to front / return
NAI-031,SKU-060,B100530,2026-08-07,2026-08-28,13,3,2,3,NEAR EXPIRY - rotate to front / return
NAI-031,SKU-001,B751556,2026-08-07,2026-08-28,46,3,2,3,NEAR EXPIRY - rotate to front / return
NAI-021,SKU-030,B778063,2026-08-18,2026-08-28,42,3,2,2,NEAR EXPIRY - rotate to front / return
NYE-015,SKU-017,B321009,2026-08-07,2026-08-28,42,3,1,2,NEAR EXPIRY - rotate to front / return
NAI-028,SKU-048,B813416,2026-08-18,2026-08-28,46,3,2,2,NEAR EXPIRY - rotate to front / return
ELD-040,SKU-026,B521948,2026-08-19,2026-08-29,27,4,1,1,NEAR EXPIRY - rotate to front / return
KIS-021,SKU-013,B732954,2026-07-15,2026-08-29,35,4,1,3,NEAR EXPIRY - rotate to front / return
NAI-000,SKU-008,B244222,2026-07-15,2026-08-29,49,4,1,1,NEAR EXPIRY - rotate to front / return
ELD-037,SKU-037,B944900,2026-08-08,2026-08-29,40,4,3,3,NEAR EXPIRY - rotate to front / return
NYE-036,SKU-016,B323347,2026-08-08,2026-08-29,55,4,2,3,NEAR EXPIRY - rotate to front / return
MOM-041,SKU-029,B978666,2026-08-08,2026-08-29,49,4,3,3,NEAR EXPIRY - rotate to front / return
KIS-014,SKU-006,B981098,2026-08-08,2026-08-29,18,4,1,3,NEAR EXPIRY - rotate to front / return
NYE-031,SKU-027,B384607,2026-07-15,2026-08-29,41,4,1,2,NEAR EXPIRY - rotate to front / return
NYE-028,SKU-059,B770353,2026-08-08,2026-08-29,23,4,2,2,NEAR EXPIRY - rotate to front / return
NYE-033,SKU-046,B546182,2026-08-19,2026-08-29,54,4,3,3,NEAR EXPIRY - rotate to front / return
MOM-026,SKU-054,B521073,2026-08-19,2026-08-29,43,4,2,3,NEAR EXPIRY - rotate to front / return
ELD-022,SKU-011,B592755,2026-07-15,2026-08-29,13,4,1,3,NEAR EXPIRY - rotate to front / return
NYE-031,SKU-036,B758857,2026-08-20,2026-08-30,52,5,3,3,NEAR EXPIRY - rotate to front / return
KIS-010,SKU-032,B927177,2026-08-09,2026-08-30,23,5,2,3,NEAR EXPIRY - rotate to front / return
NYE-031,SKU-035,B373282,2026-07-16,2026-08-30,57,5,1,2,NEAR EXPIRY - rotate to front / return
MOM-030,SKU-020,B905526,2026-08-20,2026-08-30,3,5,2,2,NEAR EXPIRY - rotate to front / return
NAI-021,SKU-016,B984604,2026-08-09,2026-08-30,43,5,1,1,NEAR EXPIRY - rotate to front / return
KIS-006,SKU-043,B915386,2026-07-16,2026-08-30,16,5,1,3,NEAR EXPIRY - rotate to front / return
KIS-013,SKU-016,B860862,2026-08-20,2026-08-30,9,5,3,3,NEAR EXPIRY - rotate to front / return
KIS-010,SKU-034,B446188,2026-07-16,2026-08-30,26,5,1,1,NEAR EXPIRY - rotate to front / return
NAK-002,SKU-028,B389930,2026-07-16,2026-08-30,16,5,1,2,NEAR EXPIRY - rotate to front / return
MOM-041,SKU-032,B556872,2026-07-16,2026-08-30,3,5,2,2,NEAR EXPIRY - rotate to front / return
MOM-035,SKU-003,B940170,2026-07-16,2026-08-30,10,5,1,3,NEAR EXPIRY - rotate to front / return
NAI-000,SKU-032,B178130,2026-08-20,2026-08-30,38,5,3,3,NEAR EXPIRY - rotate to front / return
NAI-014,SKU-014,B639662,2026-08-20,2026-08-30,14,5,2,2,NEAR EXPIRY - rotate to front / return
KIS-000,SKU-027,B109739,2026-08-09,2026-08-30,25,5,2,3,NEAR EXPIRY - rotate to front / return
NAI-040,SKU-056,B448056,2026-08-20,2026-08-30,40,5,1,1,NEAR EXPIRY - rotate to front / return
NAI-004,SKU-048,B760395,2026-08-20,2026-08-30,1,5,2,2,NEAR EXPIRY - rotate to front / return
MOM-012,SKU-027,B635676,2026-08-20,2026-08-30,49,5,2,2,NEAR EXPIRY - rotate to front / return
MOM-012,SKU-052,B131149,2026-07-16,2026-08-30,18,5,1,2,NEAR EXPIRY - rotate to front / return
MOM-004,SKU-051,B683618,2026-08-20,2026-08-30,34,5,1,1,NEAR EXPIRY - rotate to front / return
ELD-035,SKU-023,B686813,2026-08-20,2026-08-30,52,5,3,3,NEAR EXPIRY - rotate to front / return
ELD-035,SKU-021,B125860,2026-08-09,2026-08-30,43,5,2,3,NEAR EXPIRY - rotate to front / return
MOM-026,SKU-044,B528687,2026-08-20,2026-08-30,51,5,3,3,NEAR EXPIRY - rotate to front / return
MOM-013,SKU-001,B374082,2026-07-17,2026-08-31,55,6,1,2,FIFO - oldest batch to front
ELD-024,SKU-037,B618520,2026-07-17,2026-08-31,22,6,1,3,FIFO - oldest batch to front
NYE-035,SKU-002,B549733,2026-07-17,2026-08-31,23,6,1,3,FIFO - oldest batch to front
NYE-027,SKU-033,B675804,2026-07-17,2026-08-31,14,6,1,3,FIFO - oldest batch to front
KIS-021,SKU-055,B924782,2026-07-17,2026-08-31,47,6,1,3,FIFO - oldest batch to front
MOM-004,SKU-021,B489772,2026-07-17,2026-08-31,11,6,1,2,FIFO - oldest batch to front
NAI-000,SKU-047,B400050,2026-07-18,2026-09-01,12,7,1,2,FIFO - oldest batch to front
KIS-006,SKU-037,B174622,2026-07-18,2026-09-01,41,7,1,3,FIFO - oldest batch to front
NAI-040,SKU-058,B222989,2026-07-18,2026-09-01,13,7,1,3,FIFO - oldest batch to front
MOM-026,SKU-054,B438887,2026-08-11,2026-09-01,51,7,1,3,FIFO - oldest batch to front
NAK-026,SKU-026,B432907,2026-07-18,2026-09-01,39,7,1,2,FIFO - oldest batch to front
KIS-014,SKU-025,B384474,2026-07-19,2026-09-02,33,8,1,3,FIFO - oldest batch to front
ELD-010,SKU-026,B963576,2026-07-19,2026-09-02,39,8,1,3,FIFO - oldest batch to front
NAI-035,SKU-025,B469480,2026-07-19,2026-09-02,21,8,1,2,FIFO - oldest batch to front
NAI-040,SKU-038,B146227,2026-07-20,2026-09-03,33,9,1,2,FIFO - oldest batch to front
MOM-026,SKU-017,B850948,2026-07-20,2026-09-03,54,9,1,3,FIFO - oldest batch to front
KIS-020,SKU-045,B269356,2026-07-21,2026-09-04,23,10,1,2,FIFO - oldest batch to front
MOM-035,SKU-042,B311078,2026-07-21,2026-09-04,24,10,1,2,FIFO - oldest batch to front
MOM-019,SKU-021,B302868,2026-07-21,2026-09-04,21,10,1,3,FIFO - oldest batch to front
ELD-019,SKU-047,B460172,2026-07-21,2026-09-04,38,10,1,3,FIFO - oldest batch to front
KIS-003,SKU-041,B603883,2026-07-22,2026-09-05,3,11,1,3,FIFO - oldest batch to front
NAI-033,SKU-056,B471348,2026-07-22,2026-09-05,11,11,1,3,FIFO - oldest batch to front
NYE-007,SKU-042,B492456,2026-07-22,2026-09-05,23,11,1,2,FIFO - oldest batch to front
ELD-007,SKU-042,B196311,2026-07-23,2026-09-06,20,12,1,3,FIFO - oldest batch to front
MOM-024,SKU-033,B336284,2026-07-23,2026-09-06,51,12,1,3,FIFO - oldest batch to front
KIS-008,SKU-045,B115976,2026-07-24,2026-09-07,46,13,1,2,FIFO - oldest batch to front
NYE-036,SKU-016,B715986,2026-07-24,2026-09-07,54,13,1,3,FIFO - oldest batch to front
NYE-007,SKU-017,B279304,2026-07-24,2026-09-07,21,13,1,2,FIFO - oldest batch to front
NYE-015,SKU-004,B431912,2026-07-25,2026-09-08,35,14,1,2,FIFO - oldest batch to front
NYE-033,SKU-053,B136948,2026-07-25,2026-09-08,34,14,1,3,FIFO - oldest batch to front
KIS-025,SKU-010,B362749,2026-07-26,2026-09-09,49,15,1,2,FIFO - oldest batch to front
NAK-026,SKU-012,B507370,2026-07-26,2026-09-09,34,15,1,2,FIFO - oldest batch to front
NAI-029,SKU-029,B621135,2026-07-26,2026-09-09,8,15,1,3,FIFO - oldest batch to front
NAK-026,SKU-058,B178564,2026-07-27,2026-09-10,19,16,1,2,FIFO - oldest batch to front
ELD-011,SKU-030,B291288,2026-07-27,2026-09-10,6,16,1,3,FIFO - oldest batch to front
NYE-007,SKU-013,B267374,2026-07-27,2026-09-10,59,16,1,3,FIFO - oldest batch to front
KIS-017,SKU-051,B432804,2026-07-27,2026-09-10,8,16,1,2,FIFO - oldest batch to front
KIS-004,SKU-001,B322498,2026-07-28,2026-09-11,38,17,1,3,FIFO - oldest batch to front
NAI-011,SKU-038,B585348,2026-07-29,2026-09-12,13,18,1,2,FIFO - oldest batch to front
MOM-041,SKU-019,B415906,2026-07-30,2026-09-13,14,19,1,2,FIFO - oldest batch to front
NAI-019,SKU-052,B500357,2026-07-31,2026-09-14,43,20,1,2,FIFO - oldest batch to front
NAI-034,SKU-044,B455469,2026-07-31,2026-09-14,32,20,1,2,FIFO - oldest batch to front
NAI-027,SKU-003,B828287,2026-07-31,2026-09-14,16,20,1,2,FIFO - oldest batch to front
NYE-004,SKU-052,B447543,2026-07-31,2026-09-14,13,20,1,2,FIFO - oldest batch to front
NAK-010,SKU-020,B433198,2026-08-01,2026-09-15,29,21,1,2,FIFO - oldest batch to front
NAK-008,SKU-026,B449176,2026-08-04,2026-09-18,22,24,1,2,FIFO - oldest batch to front
NYE-028,SKU-037,B761825,2026-08-04,2026-09-18,53,24,1,2,FIFO - oldest batch to front
KIS-013,SKU-012,B481879,2026-08-04,2026-09-18,45,24,1,2,FIFO - oldest batch to front
NAI-039,SKU-049,B873618,2026-08-08,2026-09-22,48,28,1,2,FIFO - oldest batch to front
MOM-012,SKU-023,B953731,2026-08-09,2026-09-23,51,29,1,3,FIFO - oldest batch to front
NAK-008,SKU-005,B610729,2026-08-09,2026-09-23,39,29,1,2,FIFO - oldest batch to front
NYE-027,SKU-034,B415318,2026-08-09,2026-09-23,29,29,1,3,FIFO - oldest batch to front
NAK-007,SKU-043,B444340,2026-08-10,2026-09-24,20,30,1,3,FIFO - oldest batch to front
NAI-038,SKU-059,B426067,2026-08-10,2026-09-24,27,30,1,2,FIFO - oldest batch to front
NYE-007,SKU-025,B156140,2026-07-12,2026-11-09,49,76,1,3,FIFO - oldest batch to front
MOM-019,SKU-046,B391888,2026-07-13,2026-11-10,42,77,1,2,FIFO - oldest batch to front
MOM-041,SKU-032,B829679,2026-07-13,2026-11-10,44,77,1,2,FIFO - oldest batch to front
ELD-016,SKU-025,B315711,2026-07-13,2026-11-10,57,77,1,2,FIFO - oldest batch to front
ELD-007,SKU-055,B223885,2026-07-14,2026-11-11,53,78,1,3,FIFO - oldest batch to front
KIS-021,SKU-023,B955946,2026-07-14,2026-11-11,57,78,1,3,FIFO - oldest batch to front
NAI-028,SKU-027,B500673,2026-07-14,2026-11-11,8,78,1,2,FIFO - oldest batch to front
NYE-037,SKU-027,B658602,2026-07-14,2026-11-11,34,78,1,3,FIFO - oldest batch to front
KIS-022,SKU-040,B243728,2026-07-14,2026-11-11,53,78,1,3,FIFO - oldest batch to front
KIS-025,SKU-022,B745928,2026-07-15,2026-11-12,49,79,1,2,FIFO - oldest batch to front
ELD-037,SKU-035,B461129,2026-07-15,2026-11-12,47,79,1,2,FIFO - oldest batch to front
NYE-031,SKU-043,B142391,2026-07-15,2026-11-12,28,79,1,3,FIFO - oldest batch to front
MOM-015,SKU-029,B284174,2026-07-16,2026-11-13,51,80,1,2,FIFO - oldest batch to front
MOM-013,SKU-058,B795536,2026-07-16,2026-11-13,12,80,1,2,FIFO - oldest batch to front
NAK-018,SKU-020,B708303,2026-07-16,2026-11-13,24,80,1,3,FIFO - oldest batch to front
NAI-004,SKU-015,B371971,2026-07-16,2026-11-13,41,80,1,3,FIFO - oldest batch to front
NAK-007,SKU-021,B877142,2026-07-16,2026-11-13,36,80,1,3,FIFO - oldest batch to front
NYE-036,SKU-006,B277779,2026-07-16,2026-11-13,28,80,1,3,FIFO - oldest batch to front
NYE-008,SKU-014,B703247,2026-07-17,2026-11-14,1,81,1,3,FIFO - oldest batch to front
MOM-035,SKU-045,B418952,2026-07-17,2026-11-14,4,81,1,3,FIFO - oldest batch to front
NYE-008,SKU-004,B824548,2026-07-17,2026-11-14,23,81,1,2,FIFO - oldest batch to front
MOM-012,SKU-022,B279492,2026-07-18,2026-11-15,53,82,1,2,FIFO - oldest batch to front
KIS-021,SKU-035,B643346,2026-07-18,2026-11-15,9,82,1,3,FIFO - oldest batch to front
KIS-013,SKU-053,B788516,2026-07-19,2026-11-16,5,83,1,3,FIFO - oldest batch to front
NAI-000,SKU-024,B221931,2026-07-19,2026-11-16,38,83,1,2,FIFO - oldest batch to front
NAI-028,SKU-048,B773286,2026-07-19,2026-11-16,35,83,1,2,FIFO - oldest batch to front
ELD-035,SKU-051,B396115,2026-07-19,2026-11-16,28,83,1,3,FIFO - oldest batch to front
KIS-006,SKU-012,B681406,2026-07-20,2026-11-17,37,84,1,2,FIFO - oldest batch to front
MOM-030,SKU-045,B211612,2026-07-20,2026-11-17,16,84,1,3,FIFO - oldest batch to front
NAK-010,SKU-015,B486487,2026-07-20,2026-11-17,44,84,1,2,FIFO - oldest batch to front
KIS-008,SKU-007,B866086,2026-07-20,2026-11-17,10,84,1,2,FIFO - oldest batch to front
KIS-017,SKU-023,B101659,2026-07-20,2026-11-17,31,84,1,3,FIFO - oldest batch to front
NAK-010,SKU-006,B595036,2026-07-21,2026-11-18,42,85,1,2,FIFO - oldest batch to front
ELD-014,SKU-013,B250291,2026-07-21,2026-11-18,54,85,1,2,FIFO - oldest batch to front
MOM-004,SKU-017,B655887,2026-07-21,2026-11-18,21,85,1,3,FIFO - oldest batch to front
KIS-003,SKU-036,B318275,2026-07-21,2026-11-18,47,85,1,2,FIFO - oldest batch to front
NAI-034,SKU-025,B391309,2026-07-22,2026-11-19,25,86,1,3,FIFO - oldest batch to front
NYE-004,SKU-021,B614761,2026-07-22,2026-11-19,21,86,1,2,FIFO - oldest batch to front
ELD-018,SKU-040,B969338,2026-07-22,2026-11-19,53,86,1,2,FIFO - oldest batch to front
MOM-026,SKU-020,B543115,2026-07-22,2026-11-19,23,86,1,2,FIFO - oldest batch to front
NAI-014,SKU-014,B552943,2026-07-23,2026-11-20,33,87,1,2,FIFO - oldest batch to front
NAI-018,SKU-012,B979460,2026-07-23,2026-11-20,5,87,1,3,FIFO - oldest batch to front
NYE-020,SKU-053,B848362,2026-07-23,2026-11-20,52,87,1,2,FIFO - oldest batch to front
NYE-010,SKU-059,B248868,2026-07-24,2026-11-21,17,88,1,2,FIFO - oldest batch to front
NYE-031,SKU-036,B104776,2026-07-24,2026-11-21,43,88,1,3,FIFO - oldest batch to front
NYE-033,SKU-056,B153302,2026-07-25,2026-11-22,37,89,1,2,FIFO - oldest batch to front
MOM-024,SKU-029,B801472,2026-07-25,2026-11-22,7,89,1,2,FIFO - oldest batch to front
NAK-018,SKU-053,B692488,2026-07-26,2026-11-23,55,90,1,3,FIFO - oldest batch to front
NAK-008,SKU-040,B865668,2026-07-26,2026-11-23,23,90,1,3,FIFO - oldest batch to front
NAI-011,SKU-004,B995759,2026-07-27,2026-11-24,26,91,1,3,FIFO - oldest batch to front
KIS-020,SKU-012,B532817,2026-07-27,2026-11-24,50,91,1,2,FIFO - oldest batch to front
NAI-016,SKU-034,B659484,2026-07-27,2026-11-24,48,91,1,3,FIFO - oldest batch to front
MOM-030,SKU-052,B574803,2026-07-28,2026-11-25,43,92,1,2,FIFO - oldest batch to front
ELD-008,SKU-042,B171157,2026-07-28,2026-11-25,36,92,1,3,FIFO - oldest batch to front
NAI-035,SKU-058,B120448,2026-07-29,2026-11-26,6,93,1,3,FIFO - oldest batch to front
NAI-038,SKU-014,B862530,2026-07-30,2026-11-27,32,94,1,2,FIFO - oldest batch to front
NAI-011,SKU-007,B359406,2026-07-30,2026-11-27,19,94,1,2,FIFO - oldest batch to front
MOM-001,SKU-023,B203768,2026-07-30,2026-11-27,24,94,1,2,FIFO - oldest batch to front
MOM-041,SKU-040,B766618,2026-07-30,2026-11-27,11,94,1,2,FIFO - oldest batch to front
MOM-024,SKU-009,B569114,2026-07-30,2026-11-27,57,94,1,2,FIFO - oldest batch to front
NAI-035,SKU-019,B816900,2026-07-31,2026-11-28,55,95,1,3,FIFO - oldest batch to front
MOM-030,SKU-020,B245918,2026-07-31,2026-11-28,48,95,1,2,FIFO - oldest batch to front
ELD-001,SKU-045,B568161,2026-08-03,2026-12-01,45,98,1,2,FIFO - oldest batch to front
NAI-014,SKU-009,B358745,2026-08-03,2026-12-01,37,98,1,2,FIFO - oldest batch to front
ELD-024,SKU-054,B889227,2026-08-03,2026-12-01,7,98,1,2,FIFO - oldest batch to front
KIS-003,SKU-039,B165717,2026-08-03,2026-12-01,37,98,1,2,FIFO - oldest batch to front
NYE-028,SKU-059,B607228,2026-08-04,2026-12-02,39,99,1,2,FIFO - oldest batch to front
MOM-004,SKU-035,B649993,2026-08-04,2026-12-02,51,99,1,3,FIFO - oldest batch to front
NYE-028,SKU-057,B673365,2026-08-05,2026-12-03,16,100,1,2,FIFO - oldest batch to front
ELD-027,SKU-053,B226910,2026-08-06,2026-12-04,45,101,1,3,FIFO - oldest batch to front
NYE-010,SKU-038,B775633,2026-08-08,2026-12-06,21,103,1,3,FIFO - oldest batch to front
NAI-035,SKU-003,B257872,2026-08-08,2026-12-06,27,103,1,2,FIFO - oldest batch to front
NAI-000,SKU-005,B835784,2026-08-08,2026-12-06,13,103,1,2,FIFO - oldest batch to front
MOM-026,SKU-036,B706082,2026-08-09,2026-12-07,48,104,1,2,FIFO - oldest batch to front
KIS-020,SKU-011,B563955,2026-08-09,2026-12-07,47,104,1,2,FIFO - oldest batch to front
ELD-024,SKU-016,B909449,2026-08-11,2026-12-09,1,106,1,2,FIFO - oldest batch to front
ELD-018,SKU-010,B127242,2026-08-11,2026-12-09,27,106,1,2,FIFO - oldest batch to front
NYE-031,SKU-041,B477648,2026-08-14,2026-12-12,29,109,1,3,FIFO - oldest batch to front
KIS-008,SKU-014,B948745,2026-08-17,2026-12-15,44,112,1,2,FIFO - oldest batch to front
