merchandiser_id,visits,ghost_rate,geofence_fail_rate,avg_duration_min,outlets_covered,compliance_score,status
M26,245,0.23673469387755103,0.1673469387755102,31.00891156462585,27,76.3,Investigate
M12,252,0.20238095238095238,0.14682539682539683,31.152976190476192,42,79.8,Investigate
M28,257,0.07782101167315175,0.06614785992217899,32.4848897535668,43,92.2,Coach
M38,250,0.076,0.052,32.757133333333336,43,92.4,Coach
M22,269,0.07063197026022305,0.055762081784386616,32.49758364312268,43,92.9,Coach
M41,257,0.07003891050583658,0.05058365758754864,34.46251621271077,32,93.0,Coach
M01,260,0.06538461538461539,0.046153846153846156,33.445897435897436,43,93.5,Coach
M19,268,0.06343283582089553,0.05223880597014925,34.55099502487562,43,93.7,Coach
M23,273,0.06227106227106227,0.047619047619047616,33.80982905982906,38,93.8,Coach
M04,267,0.056179775280898875,0.04868913857677903,33.950499375780275,38,94.4,Coach
M25,252,0.05555555555555555,0.03571428571428571,33.17949735449736,38,94.4,Coach
M39,259,0.05405405405405406,0.04633204633204633,34.91685971685972,27,94.6,Coach
M30,273,0.047619047619047616,0.040293040293040296,34.06300366300366,43,95.2,Good
M42,261,0.04597701149425287,0.022988505747126436,33.83965517241379,42,95.4,Good
M03,261,0.04597701149425287,0.038314176245210725,33.571008939974455,32,95.4,Good
M21,264,0.045454545454545456,0.041666666666666664,33.96748737373737,43,95.5,Good
M35,256,0.04296875,0.03125,34.00638020833333,38,95.7,Good
M02,259,0.04247104247104247,0.03088803088803089,34.87406692406692,42,95.8,Good
M14,267,0.04119850187265917,0.0299625468164794,35.8292759051186,43,95.9,Good
M18,272,0.04044117647058824,0.03308823529411765,33.776102941176475,42,96.0,Good
M27,253,0.039525691699604744,0.02766798418972332,34.18662714097497,32,96.0,Good
M06,258,0.03875968992248062,0.03488372093023256,34.730555555555554,27,96.1,Good
M37,254,0.03937007874015748,0.03543307086614173,33.85610236220473,32,96.1,Good
M20,270,0.037037037037037035,0.02962962962962963,34.52975308641975,38,96.3,Good
M16,252,0.03571428571428571,0.01984126984126984,32.50747354497354,42,96.4,Good
M17,256,0.03515625,0.03125,36.1966796875,42,96.5,Good
M15,251,0.03187250996015936,0.027888446215139442,35.31786188579017,43,96.8,Good
M36,247,0.032388663967611336,0.02834008097165992,34.10269905533063,38,96.8,Good
M05,250,0.032,0.032,34.383199999999995,32,96.8,Good
M13,252,0.027777777777777776,0.023809523809523808,35.486640211640214,38,97.2,Good
M29,256,0.02734375,0.0234375,35.27805989583333,32,97.3,Good
M07,257,0.027237354085603113,0.019455252918287938,36.1568093385214,42,97.3,Good
M40,256,0.02734375,0.0234375,32.519140625,27,97.3,Good
M24,262,0.022900763358778626,0.022900763358778626,35.01386768447837,38,97.7,Good
M31,265,0.018867924528301886,0.01509433962264151,34.04553459119497,43,98.1,Good
M11,271,0.01845018450184502,0.01845018450184502,34.63308733087331,38,98.2,Good
M10,274,0.01824817518248175,0.014598540145985401,35.291058394160586,43,98.2,Good
M08,259,0.015444015444015444,0.015444015444015444,34.025997425997424,38,98.5,Good
M34,258,0.011627906976744186,0.011627906976744186,35.3234496124031,42,98.8,Good
M09,261,0.011494252873563218,0.011494252873563218,34.891060025542785,42,98.9,Good
M32,264,0.003787878787878788,0.003787878787878788,34.58882575757576,27,99.6,Good
M33,258,0.003875968992248062,0.003875968992248062,35.48062015503876,32,99.6,Good
